E 100TH PL,36.0179254,-95.8985267
E 100TH ST,40.7868316,-73.9452591
E 101ST PL,36.016776,-95.9170949
E 101ST ST,40.7886796,-73.9476947
E 102ND PL,41.7081363,-87.6200629
E 102ND ST,40.7893534,-73.9473563
E 103RD PL,33.9423419,-118.2483565
E 103RD ST,33.9432789,-118.2504224
E 104TH PL,41.7046419,-87.6100144
E 104TH ST,40.7909485,-73.9472379
E 105TH PL,39.8883453,-104.9631278
E 105TH ST,41.5200057,-81.6154722
E 106TH ST,40.7915312,-73.9447036
E 107TH ST,40.7929264,-73.9457949
E 108TH ST,40.793322,-73.9447641
E 109TH ST,40.7941884,-73.9448749
E 110TH PL,36.0034095,-95.9191461
E 110TH ST,40.7941401,-73.942804
E 111TH PL,33.9339362,-118.2657469
E 111TH ST,40.7947683,-73.9423486
E 112TH PL,39.8999751,-104.949151
E 112TH ST,40.7956966,-73.942574
E 113TH PL,41.6880622,-87.6216084
E 113TH ST,38.9187947,-94.5105112
E 114TH PL,39.9038264,-104.9230399
E 114TH ST,41.6872639,-87.6125901
E 115TH ST,40.7971286,-73.9402005
E 116TH ST,39.9567064,-86.0330408
E 117TH PL,38.910872,-94.502095
E 117TH ST,40.7976802,-73.9372895
E 118TH PL,33.9255701,-118.2648149
E 118TH ST,30.2335325,-81.7529326
E 119TH PL,39.9124775,-104.9456462
E 119TH ST,40.7989456,-73.9363718
E 11TH PL,32.2493904,-101.4511047
E 11TH ST,40.7293824,-73.9840037
E 120TH PL,39.91448,-104.927853
E 120TH ST,33.9237403,-118.2515953
E 121ST PL,39.91702,-104.924883
E 121ST ST,39.9644068,-85.9900984
E 122ND PL,39.9187498,-104.8995609
E 122ND ST,44.7830802,-93.2481748
E 123RD ST,40.8029025,-73.9379714
E 124TH PL,35.9826991,-95.9014062
E 124TH ST,40.8037062,-73.9379199
E 125TH PL,35.9814361,-95.8990675
E 125TH ST,40.8040915,-73.9367343
E 126TH PL,39.9265825,-104.9358498
E 126TH ST,40.8047954,-73.9363171
E 127TH ST,40.8053816,-73.9357849
E 128TH ST,40.8066553,-73.9368736
E 129TH PL,39.9314774,-104.9186025
E 129TH ST,40.8077505,-73.9375335
E 130TH ST,41.6591616,-87.5786743
E 130TH ST S,35.9748797,-95.8917467
E 131ST PL,39.9348377,-104.9349095
E 131ST ST,39.9791825,-85.9727927
E 132ND PL,39.9345616,-104.954317
E 132ND ST,40.8040193,-73.9228891
E 133RD PL,39.9380811,-104.9173231
E 133RD ST,40.8014949,-73.9148865
E 134TH PL,35.9693202,-95.8928855
E 134TH ST,41.6518928,-87.5750726
E 135TH PL,39.9417099,-104.9378666
E 135TH ST,40.8068246,-73.9234276
E 136TH PL,39.943948,-104.9333723
E 136TH ST,39.9866997,-85.9498651
E 137TH ST,40.8066945,-73.9192924
E 138TH ST,40.8086603,-73.9217993
E 13TH ST,40.7311247,-73.984156
E 14TH ST,40.7313474,-73.9825664
E 15TH PL,36.140142,-95.8975091
E 16TH ST,34.0250643,-118.246537
E 18TH ST,40.7362057,-73.9863372
E 21ST ST,40.7379216,-73.9849817
E 23RD ST,40.7384592,-73.9822804
E 24TH PL,36.128257,-95.9045543
E 24TH ST,40.7394962,-73.982669
E 25TH PL,36.12663,-95.9045683
E 25TH ST,40.7397821,-73.981363
E 26TH ST,40.7407369,-73.9817546
E 27TH ST,34.015104,-118.2495209
E 28TH PL,39.7564205,-104.8807057
E 28TH ST,40.7422936,-73.9816311
E 29TH PL,39.7589804,-104.889931
E 29TH ST,40.7425974,-73.9803981
E 30TH ST,40.7432078,-73.9799487
E 31ST PL,36.1178781,-95.9688726
E 31ST ST,40.7447163,-73.9816433
E 32ND PL,36.1168106,-95.9013436
E 32ND ST,40.7453458,-73.981183
E 33RD BLVD,41.8347305,-87.6200281
E 33RD PL,41.8336505,-87.6133994
E 33RD ST,40.7455581,-73.9798032
E 34TH ST,40.7458826,-73.9784858
E 35TH ST,40.7464842,-73.977844
E 36TH PL,36.110968,-95.9459759
E 36TH ST,40.7471259,-73.9774087
E 37TH PL,36.1092349,-95.8457729
E 37TH ST,40.7477533,-73.9770378
E 38TH PL,36.1076806,-95.9468821
E 38TH ST,40.7483675,-73.9765992
E 40TH PL,39.7714459,-104.7501254
E 40TH ST,40.7498141,-73.9761533
E 41ST PL,34.0083847,-118.2565141
E 41ST ST,40.7501902,-73.9751125
E 42ND PL,41.8179509,-87.6067221
E 42ND ST,40.7507757,-73.9744533
E 43RD ST,40.7517793,-73.974739
E 44TH PL,36.0993903,-95.7835034
E 44TH ST,40.7523975,-73.9742813
E 45TH PL,36.0977978,-95.9583508
E 45TH ST,40.7530453,-73.9738796
E 46TH PL,36.0962746,-95.9111394
E 46TH ST,39.841465,-85.9534889
E 47TH DR,39.7827404,-104.7609791
E 47TH PL,36.0948968,-95.9134362
E 47TH ST,41.8095067,-87.6074718
E 48TH PL,36.0947277,-95.9283093
E 48TH ST,40.7545952,-73.9716919
E 49TH DR,32.639105,-114.394854
E 49TH ST,40.755217,-73.9712403
E 50TH PL,36.0905729,-95.7725089
E 50TH ST,40.7558356,-73.970781
E 51ST ST,40.7565061,-73.9704172
E 52ND PL,36.0877805,-95.9083698
E 52ND ST,40.7570052,-73.96966
E 53RD DR,39.794356,-104.8954392
E 53RD ST,41.7986283,-87.6039037
E 54TH PL,39.7949866,-104.7556243
E 54TH ST,40.7582569,-73.9687461
E 55TH PL,36.0834073,-95.9503947
E 55TH ST,40.7587698,-73.9680275
E 56TH ST,40.7592474,-73.9672198
E 57TH DR,40.7601787,-73.967331
E 57TH ST,40.7601787,-73.967331
E 58TH ST,40.7607719,-73.9666464
E 59TH ST,40.7613278,-73.9660415
E 60TH ST,40.7619245,-73.9655044
E 61ST PL,36.0742317,-95.9160722
E 61ST ST,40.7624726,-73.9648836
E 62ND PL,36.0732484,-95.8932265
E 62ND ST,40.7630254,-73.9642329
E 63RD PL,36.0716522,-95.894881
E 63RD ST,40.7638412,-73.9642151
E 64TH PL,36.0701384,-95.9088458
E 64TH ST,40.7645947,-73.9640698
E 65TH PL,36.0685162,-95.9000749
E 65TH ST,40.7668879,-73.9675776
E 66TH PL,36.0674275,-95.9579041
E 66TH ST,40.7661161,-73.9638028
E 67TH PL,36.0664951,-95.8774738
E 67TH ST,40.7663871,-73.9625211
E 68TH ST,40.7667038,-73.9613189
E 69TH PL,41.7684957,-87.6056461
E 69TH ST,40.767812,-73.962014
E 70TH PL,41.767128,-87.5681728
E 70TH ST,40.768012,-73.9605413
E 71ST PL,41.7651459,-87.5859097
E 71ST ST,40.7685169,-73.9597965
E 72ND PL,41.7634107,-87.5780877
E 72ND ST,40.7692518,-73.9594312
E 73RD PL,41.7623492,-87.5920973
E 73RD ST,40.7698166,-73.9586598
E 74TH PL,36.0549632,-95.9459297
E 74TH ST,40.7705669,-73.9584414
E 75TH PL,36.0548785,-95.9217298
E 75TH ST,40.7710852,-73.9577386
E 76TH PL,33.9707271,-118.2545436
E 76TH ST,40.7716597,-73.9571116
E 77TH PL,36.0523246,-95.8893453
E 77TH ST,40.7726397,-73.9574725
E 78TH ST,40.7729951,-73.9563487
E 79TH PL,39.8408162,-104.912621
E 79TH ST,40.7736394,-73.9558319
E 80TH PL,41.7492157,-87.5516165
E 80TH ST,40.7742667,-73.9551271
E 81ST PL,36.0457996,-95.8918583
E 81ST ST,36.046364,-95.8866022
E 82ND PL,39.846213,-104.9019864
E 82ND ST,40.7754782,-73.9540605
E 83RD PL,41.743253,-87.5879899
E 83RD ST,40.7761149,-73.9536072
E 84TH PL,41.7414296,-87.5879475
E 84TH ST,40.7772689,-73.9543839
E 85TH ST,40.7781416,-73.9544916
E 86TH PL,41.7377827,-87.5878759
E 86TH ST,40.7780641,-73.9521899
E 87TH PL,33.9583534,-118.2586075
E 87TH ST,40.778951,-73.9521984
E 88TH PL,41.7339183,-87.6039825
E 88TH ST,40.7794483,-73.9514145
E 89TH PL,41.7320501,-87.6071384
E 89TH ST,40.7800581,-73.9509272
E 90TH PL,41.7302695,-87.6039233
E 90TH ST,40.7810472,-73.9513046
E 91ST PL,41.7284947,-87.6009633
E 91ST ST,40.7820259,-73.9516558
E 92ND PL,41.7269078,-87.5849702
E 92ND ST,40.7825512,-73.9510024
E 93RD CT,36.0295647,-95.9257846
E 93RD PL,39.8653716,-104.9510351
E 93RD ST,40.7832685,-73.9507498
E 94TH ST,40.7843337,-73.9513217
E 95TH PL,36.0241927,-95.881108
E 95TH ST,40.7846912,-73.9502432
E 96TH ST,40.7853417,-73.9496916
E 97TH PL,41.7179515,-87.5740203
E 97TH ST,40.7861708,-73.9495271
E 98TH PL,36.0207819,-95.8826726
E 98TH ST,40.7878021,-73.9514606
E 99TH PL,36.019649,-95.8819456
E 99TH ST,40.7869318,-73.9474712
E 9TH ST,40.7285865,-73.9857962
E ADAMS ST,32.2407636,-110.9482409
E BALBO AVE,41.8731844,-87.6223292
E BALBO DR,41.8731844,-87.6223292
E BANKS ST,41.9067891,-87.6275166
E BELLEVUE PL,41.9015823,-87.6259955
E BENTON PL,41.8854929,-87.6189918
E BISHOP FORD EXPY ER,41.6603155,-87.5892011
E BISHOP FORD EXPY OB,41.6603155,-87.5892011
E BISHOP FORD STONY ISLAND AV XR,41.6603155,-87.5892011
E BOWEN AVE,41.8194681,-87.6076974
E BRAYTON ST,40.8916874,-73.9632015
E BROWNING AVE,36.8195194,-119.772495
E BURTON PL,41.9095035,-87.6276011
E CEDAR ST,41.9023783,-87.6267359
E CERMAK RD,41.8528093,-87.6232169
E CHELTENHAM DR,34.140081,-118.4247628
E CHELTENHAM PL,41.7539808,-87.5459583
E CHESTNUT ST,41.8984031,-87.6231407
E CHICAGO AVE,41.8967603,-87.6225906
E CHICAGO RIVER,41.88777628,-87.62295413
E CONGRESS PKWY,42.2314843,-88.3059218
E CULLERTON ST,41.855503,-87.6230263
E DELAWARE PL,41.8992157,-87.6234078
E DIVISION ST,32.7426212,-97.0772725
E DREXEL SQUARE DR,41.8013929,-87.6051742
E EASTGATE PL,41.8467208,-87.6183248
E ERIE ST,41.8941713,-87.6217435
E FINSBURY CT,41.8459143,-87.6181391
E GARFIELD BLVD,41.7947044,-87.6207397
E GOETHE ST,41.9058259,-87.6273096
E GRAND AVE,33.1284547,-117.0625689
E GROVELAND PARK,41.833407,-87.6104216
E HARRISON ST,47.622072,-122.3073237
E HAYES DR,41.7798042,-87.5798068
E HUBBARD ST,41.8900877,-87.6260268
E HURON ST,41.8949694,-87.6220415
E HYDE PARK BLVD,41.8023941,-87.5934695
E I57 BISHOP FORD EXPY XR,41.7202357,-87.6246732
E I57 EXPY XR,39.271965,-88.4686351
E ILLINOIS LOWER ST,41.8910166,-87.6198982
E ILLINOIS ST,41.8910166,-87.6198982
E JACKSON BLVD,41.8782435,-87.626091
E JACKSON DR,39.0410436,-94.3458617
E KENSINGTON AVE,40.7363531,-111.8535306
E KINZIE ST,41.8887431,-87.6744146
E LAKE SHORE DR,39.8261119,-88.9393083
E LAKE ST,41.8857637,-87.6250728
E LA SALLE DR,39.6686523,-104.7598212
E LITTLE CALUMET RIVER,41.60432337,-87.48475451
E MADISON PARK,41.8032066,-87.5943296
E MADISON ST,39.2994994,-76.5928528
E MARQUETTE DR,33.3652928,-111.7466534
E MARQUETTE RD,41.7749613,-87.6057823
E MCFETRIDGE DR,41.8650031,-87.6170362
E MCFETRIDGE DR S,41.8650031,-87.6170362
E MIDWAY PLAISANCE,41.7868907,-87.593919
E MIDWAY PLAISANCE   N,41.7868907,-87.593919
E MONROE DR,33.7927489,-84.3670542
E MONROE ST,33.4504467,-112.0455274
E MORGAN DR,41.793241,-87.6112496
E MUSEUM DR,44.2203185,-74.4399163
E NORTH AVE,43.0601025,-87.8955265
E NORTH WATER LOWER ST,41.8895376,-87.6196763
E NORTH WATER ST,41.8895376,-87.6196763
E OAK ST,41.9007199,-87.6274937
E OAKWOOD BLVD,41.8227273,-87.6079821
E OHIO ST,41.8928096,-87.6145211
E OHIO ST E,41.8928096,-87.6145211
E ONTARIO ST,41.8933772,-87.6217796
E PEARSON ST,41.8975896,-87.6228636
E PERSHING RD,41.823849,-87.6148455
E RANDOLPH LOWER ST,41.8845238,-87.6205183
E RANDOLPH ST,41.8845238,-87.6205183
E RANDOLPH SUB ST,41.8845238,-87.6205183
E RIVER DR,43.884973,-123.0161763
E ROOSEVELT DR,34.4653667,-82.65103
E ROOSEVELT RD,41.8609425,-87.9610885
E SCHILLER ST,41.9012659,-87.9308356
E SCOTT ST,41.9048793,-87.6270749
E SOLIDARITY DR,41.8661622,-87.6105179
E SOUTH SHORE DR,33.3528142,-111.7660151
E SOUTH WATER LOWER ST,41.8868609,-87.6203062
E SOUTH WATER RAMP LOWER ST,41.8868609,-87.6203062
E SOUTH WATER ST,41.8868609,-87.6203062
E SOUTH WATER SUB ST,41.8868609,-87.6203062
E STEVENSON EXPY IB,41.8094342,-87.7670348
E STEVENSON EXPY OB,41.8094342,-87.7670348
E STEVENSON IB LSD SB ER,51.5150534,-0.099034
E STEVENSON KING DR ER,41.7690579,-87.6153521
E STEVENSON KING DR XR,41.7690579,-87.6153521
E SUPERIOR ST,41.8957682,-87.622054
E VAN BUREN ST,33.4513059,-112.0129056
E WACKER DR,41.8881291,-87.6225713
E WACKER PL,41.8868009,-87.6259377
E WALTON PL,41.9000444,-87.6216975
E WALTON ST,41.9000081,-87.6237166
E WASHINGTON ST,39.7715803,-86.0551279
E WATERSIDE DR,41.8870093,-87.6163007
E WOODLAND PARK,41.8324893,-87.6099791
N ABERDEEN ST,41.8888369,-87.6545618
N ACADEMY PL,38.9044943,-104.7757668
N ADA ST,41.8964999,-87.6614126
N ALBANY AVE,41.9502949,-87.7054592
N ALBANY DR,41.9502949,-87.7054592
N ALGONQUIN AVE,42.0023659,-87.7637404
N ALLEN AVE,34.1696228,-118.1130077
N ALTA VISTA TER,41.9518048,-87.6565038
N ANTHON AVE,41.9650919,-87.8406749
N ARMOUR ST,41.8924415,-87.6655461
N ARMSTRONG CT,47.9576914,-117.4518318
N ARMSTRONG RD,32.3607749,-97.040629
N ARTESIAN AVE,41.9485252,-87.6895052
N ASHLAND AVE,41.9519823,-87.6689237
N ASHLAND BLVD,42.0120891,-87.670172
N ASTOR ST,41.9077978,-87.6275555
N AUSTIN AVE,41.9516577,-87.7767162
N AUSTIN AV JFK XR,40.6413113,-73.7781383
N AUSTIN BLVD,41.8947007,-87.7751149
N AVERS AVE,41.9409518,-87.7235522
N AVONDALE AVE,41.9651348,-87.7525796
N BAGGOT CT,53.3367775,-6.2504992
N BAY CT,41.941034,-87.6956827
N BEACON ST,42.3588964,-71.16054
N BELL AVE,41.9085094,-87.6835001
N BERNARD ST,41.9593022,-87.7142979
N BESLY CT,41.9127953,-87.6645333
N BESSIE COLEMAN DR,41.9848031,-87.8856908
N BINGHAM ST,41.9181172,-87.6912256
N BISHOP ST,41.889396,-87.6645529
N BISSELL ST,41.9181127,-87.6521449
N BOSWORTH AVE,41.9269817,-87.6670413
N BOWMANVILLE AVE,41.9797039,-87.6840107
N BREAKWATER ACCESS,41.8872042,-87.6117795
N BROADWAY,41.96405,-87.6565802
N BRYN MAWR AV LSD ER,40.0218457,-75.3167989
N BURLING ST,41.9194357,-87.6473385
N CALDWELL AVE,42.0019347,-87.7766325
N CALIFORNIA AVE,41.9503313,-87.6981377
N CAMBRIDGE AVE,43.0710846,-87.8915315
N CAMPBELL AVE,32.2795105,-110.9438254
N CANAL ST,41.8866497,-87.639866
N CANFIELD AVE,41.9781645,-87.8241368
N CANNON DR,41.9295169,-87.6359434
N CARPENTER ST,41.8895875,-87.6534214
N CENTRAL AVE,33.4717236,-112.0737272
N CENTRAL PARK AVE,41.9456253,-87.7171728
N CENTRAL PARK BLVD,26.3572693,-80.20119
N CENTRAL PARK BLVD W,26.3572693,-80.20119
N CENTRAL PARK DR,41.9456253,-87.7171728
N CHERRY AVE,41.9054646,-87.655433
N CHESTER AVE,35.4251471,-119.0213313
N CHICORA AVE,42.0037107,-87.768318
N CHRISTIANA AVE,41.896575,-87.7099225
N CICERO AVE,41.9479382,-87.7470884
N CITYFRONT PLAZA DR,41.8902481,-87.6215967
N CLAREMONT AVE,41.904851,-87.6858541
N CLARENDON AVE,41.9612418,-87.649891
N CLARK ST,41.9472062,-87.6564994
N CLEAVER ST,41.905823,-87.6639022
N CLEVELAND AVE,26.6858806,-81.9013572
N CLIFFORD AVE,34.1192579,-117.3758578
N CLIFTON AVE,41.9416767,-87.6577939
N CLINTON ST,39.2959297,-76.5705641
N CLOVER ST,41.7067083,-73.9351543
N CLYBOURN AVE,41.9213802,-87.6640548
N COLUMBUS DR,41.888063,-87.6205458
N COLUMBUS LOWER DR,30.2583714,-97.6327143
N COLUMBUS RAMP DR,41.888063,-87.6205458
N COLUMBUS SUB DR,41.888063,-87.6205458
N COMMONS DR,41.7687931,-88.2206494
N COMMONWEALTH AVE,41.9329443,-87.6379531
N CONSERVATORY DR,28.5484568,-81.4684365
N CRILLY CT,41.9142189,-87.6354158
N CROSBY ST,41.9016936,-87.6450171
N CUMBERLAND AVE,41.9581388,-87.8366331
N DAMEN AVE,41.9505032,-87.6786568
N DAVLIN CT,41.9366779,-87.7249221
N DAWSON AVE,39.9847084,-82.9330095
N DAYTON ST,41.9326937,-87.6502247
N DEAN ST,40.9024589,-73.9703992
N DEARBORN PKWY,41.8991086,-87.6298497
N DEARBORN ST,41.8966046,-87.6297783
N DELPHIA AVE,41.9716259,-87.8410298
N DESPLAINES RD,41.8865316,-87.6442694
N DES PLAINES RIVER,41.3916978,-88.2583964
N DESPLAINES ST,41.8865316,-87.6442694
N DEWITT PL,41.8984488,-87.6202049
N DICKINSON AVE,41.9560444,-87.751993
N DIVISION ST,47.7151283,-117.4111085
N DOVER ST,41.9652803,-87.6654271
N DOWAGIAC AVE,42.0041259,-87.7651419
N DRAKE AVE,41.9422099,-87.7162672
N EAST CIRCLE AVE,41.9873026,-87.8000533
N EASTLAKE TER,42.0208712,-87.6650746
N EAST RIVER RD,41.9734494,-87.8464325
N EDENS CICERO AV XR,41.6618306,-87.7387302
N EDENS EXPY IB,42.0504718,-87.7621055
N EDENS EXPY OB,42.0504718,-87.7621055
N EDENS PETERSON AV XR,41.989865,-87.7458979
N EDGEBROOK TER,42.0027366,-87.7758013
N EDWARD CT,33.8481171,-117.8643482
N ELAINE PL,41.9440823,-87.6474864
N ELBRIDGE AVE,41.9363401,-87.7157247
N ELIZABETH ST,41.8908185,-87.6591477
N ELK GROVE AVE,41.9093581,-87.6740244
N ELSTON AVE,41.9501886,-87.7140414
N EMMETT ST,41.9306457,-87.7080342
N FAIRBANKS CT,41.8942016,-87.6202846
N FAIRFIELD AVE,41.91018,-87.6957545
N FAIRVIEW AVE,32.2651415,-110.9865835
N FELTON CT,39.4203691,-76.6058844
N FERN CT,41.9139644,-87.6394016
N FIELD BLVD,41.8851403,-87.6173723
N FOREST GLEN AVE,41.9861317,-87.7470975
N FORESTVIEW AVE,41.9628657,-87.84586
N FRANCISCO AVE,41.9503153,-87.7005716
N FRANKLIN ST,40.0201745,-75.1384677
N FREMONT ST,41.9159841,-87.6508537
N GARLAND CT,41.8845033,-87.6252275
N GARVEY CT,41.886251,-87.6302253
N GENEVA TER,41.9267236,-87.6439952
N GLENWOOD AVE,41.9922066,-87.6651954
N GREEN ST,41.8890356,-87.64873
N GREENVIEW AVE,41.9315616,-87.6659597
N GRESHAM AVE,41.935916,-87.7146196
N HALSTED ST,41.9160828,-87.6484419
N HAMILTON AVE,41.9677784,-87.6823953
N HAMLIN AVE,41.9391654,-87.7222886
N HAMLIN BLVD,41.9391654,-87.7222886
N HAMPDEN CT,41.93078,-87.6415396
N HARBOR DR,41.8857773,-87.6157788
N HARDING AVE,39.3258244,-74.5144013
N HARLEM AVE,41.9603471,-87.8072123
N HARTLAND CT,41.9301749,-87.6727716
N HART ST,42.4229786,-88.6123125
N HASKINS AVE,33.8894401,-118.2620866
N HAUSSEN CT,41.9360729,-87.7239271
N HAZEL ST,41.9618035,-87.6523313
N HERMITAGE AVE,41.9524026,-87.6725821
N HIAWATHA AVE,41.999432,-87.7620416
N HICKORY AVE,42.0936656,-87.9743552
N HOBSON AVE,32.8594022,-79.9650515
N HOLLY AVE,42.3984954,-88.1754553
N HOMAN AVE,41.8955164,-87.7114422
N HOMAN BLVD,41.8955164,-87.7114422
N HONORE ST,41.937344,-87.6742322
N HOWE ST,41.9138785,-87.6447384
N HOYNE AVE,41.9504662,-87.6810788
N HUDSON AVE,34.0889304,-118.3320904
N HUMBOLDT BLVD,41.9156328,-87.7020227
N HUMBOLDT BLVD E,41.9156328,-87.7020227
N HUMBOLDT BLVD W,41.9156328,-87.7020227
N HUMBOLDT DR,41.9156328,-87.7020227
N INDIAN RD,41.9920898,-87.7741901
N IONIA AVE,42.000179,-87.7590108
N IRENE AVE,41.9397961,-87.707
N JANSSEN AVE,41.9470568,-87.6652383
N JEAN AVE,42.0045602,-87.7750781
N JEFFERSON ST,41.8858171,-87.6427862
N JERSEY AVE,41.9878488,-87.7102688
N JUSTINE ST,41.8865357,-87.6654821
N KARLOV AVE,41.9463463,-87.7292146
N KASSON AVE,41.9643141,-87.7328082
N KEATING AVE,41.9650493,-87.7460809
N KEDVALE AVE,41.9463229,-87.7312736
N KEDZIE AVE,41.9502774,-87.7079091
N KEDZIE BLVD,41.9241386,-87.7071964
N KEDZIE BLVD E,41.9241386,-87.7071964
N KEDZIE BLVD W,41.9241386,-87.7071964
N KEELER AVE,41.9390292,-87.7320344
N KEENE AVE,42.2883161,-88.2354507
N KELSO AVE,46.1602927,-122.9019419
N KENMORE AVE,41.9582161,-87.6562335
N KENNEDY AUGUSTA BL XR,33.4734978,-82.0105148
N KENNEDY CALIFORNIA AV ER,37.9312328,-121.2501919
N KENNEDY CALIFORNIA AV XR,37.9312328,-121.2501919
N KENNEDY DAMEN AV ER,41.9505032,-87.6786568
N KENNEDY DAMEN AV XR,41.9505032,-87.6786568
N KENNEDY DIVERSEY AV XR,41.9325421,-87.6599306
N KENNEDY EXPRESS RL,33.5862954,-87.9854629
N KENNEDY EXPY IB,41.9594766,-87.7413739
N KENNEDY EXPY OB,41.9594766,-87.7413739
N KENNEDY KEDZIE AV ER,41.9502774,-87.7079091
N KENNEDY KEELER AV XR,41.9390292,-87.7320344
N KENNEDY KOSTNER AV XR,41.9389664,-87.7370121
N KENNEDY LAWRENCE AV ER,43.7496122,-79.2748941
N KENNEDY MILWAUKEE AV ER,43.0389025,-87.9064736
N KENNEDY OGDEN AV ER,41.223,-111.9738304
N KENNEDY OHIO FEEDER XR IB,40.4172871,-82.907123
N KENNEDY OHIO FEEDER XR OB,40.4172871,-82.907123
N KENNEDY ONTARIO ST SB ER,51.253775,-85.3232139
N KENNEDY RACINE AV XR,42.7261309,-87.7828523
N KENNEDY SACRAMENTO AV ER,38.5815719,-121.4943996
N KENNEDY WASHINGTON BL ER,38.8958482,-77.0556827
N KENNEDY WASHINGTON BL XR,38.8958482,-77.0556827
N KENNETH AVE,41.9522769,-87.7392288
N KENNICOTT AVE,42.1235843,-87.9964569
N KENOSHA AVE,36.2204789,-95.9810891
N KENTON AVE,41.9457345,-87.7421009
N KENTUCKY AVE,28.0502098,-81.9552335
N KEOKUK AVE,41.9623124,-87.7334876
N KEOTA AVE,42.0017007,-87.7714619
N KERBS AVE,41.98489,-87.7445683
N KERCHEVAL AVE,42.3788856,-82.9475077
N KEWANEE AVE,41.9668629,-87.731248
N KEYSTONE AVE,39.8476173,-86.1219424
N KILBOURN AVE,41.9462284,-87.7397123
N KILDARE AVE,41.938994,-87.7345638
N KILPATRICK AVE,41.9470542,-87.7445472
N KIMBALL AVE,41.9570768,-87.7130132
N KIMBERLY AVE,41.9718355,-87.7449015
N KINGSBURY ST,41.9050577,-87.6492558
N KINGSDALE AVE,41.9856252,-87.7460948
N KIRBY AVE,33.604687,-101.952942
N KIRKWOOD AVE,41.9937827,-87.7407467
N KNOX AVE,41.9644126,-87.7439326
N KOLIN AVE,41.8970257,-87.7347576
N KOLMAR AVE,41.9368399,-87.7408519
N KOSTNER AVE,41.9389664,-87.7370121
N LACEY AVE,41.8025776,-88.0911979
N LA CROSSE AVE,41.8844281,-87.7466562
N LAKEFRONT DR,37.6475456,-77.5384462
N LAKE SHORE DR,41.9347677,-87.6325187
N LAKE SHORE DR NB,41.9347677,-87.6325187
N LAKE SHORE DR RAMP,41.9347677,-87.6325187
N LAKE SHORE DR SB,41.9347677,-87.6325187
N LAKE SHORE LOWER DR,41.9347677,-87.6325187
N LAKE SHORE SR,41.9347677,-87.6325187
N LAKEVIEW AVE,41.929464,-87.6392454
N LAKEWOOD AVE,41.9370837,-87.6612793
N LAMON AVE,41.931501,-87.7490526
N LANDERS AVE,41.990997,-87.7531081
N LANSING AVE,36.1864972,-95.9811005
N LAPORTE AVE,41.920532,-87.7498831
N LARAMIE AVE,41.9519082,-87.7570858
N LARNED AVE,41.9781456,-87.7608372
N LARRABEE ST,41.9077367,-87.643322
N LA SALLE DR,41.9000687,-87.6327369
N LA SALLE DR ER,41.9000687,-87.6327369
N LAS CASAS AVE,34.0457071,-118.5432363
N LATROBE AVE,41.902236,-87.7570007
N LAVERGNE AVE,41.927839,-87.751357
N LAWLER AVE,41.9059111,-87.7521778
N LAWNDALE AVE,41.9574033,-87.7203654
N LEADER AVE,41.9922415,-87.7535052
N LEAMINGTON AVE,41.9018672,-87.7545482
N LEAVENWORTH AVE,43.0534678,-76.163058
N LEAVITT ST,41.9404293,-87.6832294
N LECLAIRE AVE,41.9287118,-87.7538644
N LEGETT AVE,41.9934928,-87.7539024
N LEHIGH AVE,40.8512802,-75.2868739
N LEHMANN CT,41.9316606,-87.6432738
N LE MAI AVE,41.9985186,-87.7554605
N LEMONT AVE,41.9916207,-87.7468587
N LENOX AVE,39.2301017,-94.62381
N LEONA AVE,41.9944574,-87.7559703
N LEONARD AVE,36.7992164,-119.6370413
N LEOTI AVE,42.0002498,-87.7683558
N LEROY AVE,41.9980441,-87.7544316
N LESSING ST,-26.1379371,28.3461798
N LESTER AVE,41.9704579,-87.7647543
N LIANO AVE,41.9778869,-87.7620412
N LIEB AVE,41.9778869,-87.7620412
N LIGHTFOOT AVE,42.0031485,-87.7745506
N LINCOLN AVE,41.9467753,-87.6736117
N LINCOLN PARK   W,41.9201703,-87.6364037
N LIND AVE,41.8766575,-87.9063948
N LINDEN PL,41.9269092,-87.7056232
N LINDER AVE,41.9463615,-87.7643043
N LIPPS AVE,41.9687222,-87.7600263
N LISTER AVE,41.9226399,-87.6758235
N LIVERMORE AVE,37.7176325,-121.7700095
N LOCKWOOD AVE,41.9331855,-87.7589245
N LOLETA AVE,42.0037148,-87.7712259
N LONDON AVE,39.2018024,-94.6332077
N LONG AVE,41.9313405,-87.761323
N LONGMEADOW AVE,42.0014545,-87.7506628
N LOOMIS ST,41.7851977,-88.1413302
N LOREL AVE,41.9022039,-87.7595469
N LORING AVE,40.6674956,-73.8644993
N LORIS PL,42.4732385,-89.0071823
N LORON AVE,42.0026552,-87.7735361
N LOTUS AVE,41.9317766,-87.762579
N LOUISE AVE,43.5763309,-96.7708531
N LOVEJOY AVE,41.9780693,-87.7684298
N LOWELL AVE,41.9535486,-87.7367985
N LSD ILLINOIS ST XR,40.6331249,-89.3985283
N LSD IRVING PARK RD ER,41.9546256,-87.6452475
N LSD IRVING PARK RD XR,41.9546256,-87.6452475
N LSD LAWRENCE AV ER,43.7525495,-79.2600891
N LSD MICHIGAN AVENUE XR,41.9007981,-87.624239
N LSD MICHIGAN AV ER,41.9007981,-87.624239
N LSD MICHIGAN AV XR,44.3148443,-85.6023643
N LUCERNE AVE,39.1961754,-94.6536019
N LUDLAM AVE,41.9785751,-87.7628754
N LUIS MUNOZ MARIN DR E,41.9035585,-87.7016705
N LUIS MUNOZ MARIN DR W,41.9035585,-87.7016705
N LUNA AVE,41.9477178,-87.7655599
N LUNDY AVE,37.3861383,-121.8849136
N LYNCH AVE,41.9797078,-87.7630309
N MAGNET AVE,41.9785197,-87.7718113
N MAGNOLIA AVE,32.8352558,-116.9655448
N MAJOR AVE,41.9485742,-87.7692835
N MALDEN ST,41.9653216,-87.6624131
N MANGO AVE,41.9531394,-87.7706811
N MANILA AVE,36.7952889,-119.6943801
N MANKATO AVE,42.0101036,-87.78045
N MANNHEIM RD,41.9145263,-87.8841257
N MANOR AVE,41.9647741,-87.699619
N MANTON AVE,41.9882167,-87.7723877
N MAPLEWOOD AVE,41.9540525,-87.6920466
N MARIA CT,41.9651135,-87.8396878
N MARINE DR,41.9655225,-87.6486127
N MARION CT,41.9040498,-87.6738464
N MARMORA AVE,41.9549017,-87.7743936
N MARSHFIELD AVE,41.925513,-87.6698231
N MASON AVE,41.9530696,-87.7755534
N MASSASOIT AVE,41.902083,-87.7692748
N MAUD AVE,41.9162569,-87.6554252
N MAUTENE CT,41.6032207,-73.087749
N MAYFIELD AVE,34.1579896,-117.2906816
N MAY ST,41.8900225,-87.6557589
N MCALPIN AVE,42.009237,-87.7805704
N MCAULEY CT,40.1978095,-75.2287863
N MCCLELLAN AVE,46.5514625,-87.4197929
N MCCLURG CT,41.8918265,-87.6177021
N MCCORMICK PL BUSWAY,41.8660161,-87.6207008
N MCCORMICK RD,42.0271827,-87.7110164
N MCLEOD AVE,46.2379617,-60.0863063
N MCVICKER AVE,41.9530364,-87.778007
N MEADE AVE,41.9621202,-87.7795174
N MEDFORD AVE,42.0077934,-87.7835521
N MEDINA AVE,41.9882965,-87.7803396
N MELVINA AVE,41.9620738,-87.7819629
N MENARD AVE,41.936637,-87.7713021
N MENDELL ST,41.9185051,-87.6666381
N MENDOTA AVE,42.0067523,-87.7783497
N MEREDITH AVE,41.9950288,-87.7689011
N MERRIMAC AVE,41.9606291,-87.7831388
N MEYER AVE,29.5674944,-95.0192227
N MICHIGAN AVE,41.8900132,-87.6242053
N MICHIGAN AVE W,41.8900132,-87.6242053
N MICHIGAN LOWER AVE,41.8900132,-87.6242053
N MIES VAN DER ROHE WAY,41.8984242,-87.6218613
N MILDRED AVE,41.9326727,-87.6514318
N MILTIMORE AVE,41.9865497,-87.7731093
N MILWAUKEE AVE,42.0743523,-87.8572797
N MINNEHAHA AVE,41.9999649,-87.7599959
N MINNETONKA AVE,42.0047815,-87.7641606
N MOBILE AVE,41.9607085,-87.7843629
N MOHAWK ST,41.9091874,-87.6421695
N MONITOR AVE,41.9384906,-87.7725536
N MONON AVE,42.0090726,-87.778059
N MONT CLARE AVE,41.9289669,-87.8039882
N MONTICELLO AVE,41.9480384,-87.7188928
N MOODY AVE,41.9607656,-87.7806903
N MORGAN ST,41.8889966,-87.652239
N MOSELLE AVE,42.0075444,-87.7790511
N MOZART DR,41.9466761,-87.6992476
N MOZART ST,41.9466761,-87.6992476
N MT PROSPECT RD,42.0375457,-87.9210633
N MULLIGAN AVE,41.9565791,-87.7854521
N NAGLE AVE,41.960658,-87.7880348
N NAPER AVE,41.9918269,-87.7905446
N NAPOLEON AVE,41.9878077,-87.7884477
N NARRAGANSETT AVE,41.9386376,-87.7860518
N NASHOTAH AVE,43.0977855,-88.402319
N NASHVILLE AVE,41.9688369,-87.791631
N NASSAU AVE,40.6952685,-73.4641877
N NATCHEZ AVE,41.9456177,-87.7887681
N NATOMA AVE,41.9843615,-87.7932306
N NAVAJO AVE,43.1468234,-87.9103791
N NAVARRE AVE,41.9904488,-87.79318
N N BRANCH CHICAGO RIVER,41.9022256,-87.6544047
N NEENAH AVE,41.9701993,-87.7903926
N NEOLA AVE,42.0440374,-94.3682871
N NETTLETON AVE,39.0670767,-94.8845933
N NEVA AVE,41.9682717,-87.8060166
N NEWARK AVE,41.9968031,-87.7987884
N NEWBURG AVE,41.9909047,-87.7914499
N NEWCASTLE AVE,41.9527386,-87.7974772
N NEW ENGLAND AVE,41.9527393,-87.7986828
N NEWGARD AVE,42.0017693,-87.6668477
N NEW HAMPSHIRE AVE,34.0922028,-118.2928163
N NEWLAND AVE,41.9527407,-87.7999196
N NIAGARA AVE,40.698517,-73.36336
N NICKERSON AVE,41.9900423,-87.8037944
N NINA AVE,41.9882893,-87.8026262
N NIXON AVE,40.7455473,-84.1357672
N NOBLE ST,41.899793,-87.6625001
N NOKOMIS AVE,41.999479,-87.7575341
N NORA AVE,41.9435546,-87.802038
N NORDICA AVE,41.9682957,-87.8025502
N NORMANDY AVE,41.9562338,-87.7931405
N NORTH BRANCH ST,41.9022256,-87.6544047
N NORTHCOTT AVE,41.990406,-87.8003859
N NORTH PARK AVE,41.9106866,-87.636645
N NORTH SHORE CHANNEL,42.02539953,-87.70001462
N NORTHWEST HWY,42.0041619,-87.8183376
N NOTTINGHAM AVE,41.9527606,-87.8048349
N OAKLEY AVE,41.9649027,-87.6863552
N OAKLEY BLVD,41.8957819,-87.6843914
N OAK PARK AVE,41.9535661,-87.796339
N OAKVIEW AVE,41.9737505,-87.8440117
N OCONTO AVE,42.0044306,-87.8079448
N OCTAVIA AVE,42.0057677,-87.809146
N ODELL AVE,42.0061702,-87.8110045
N OGALLAH AVE,42.0000945,-87.8135254
N OGDEN AVE,41.8945933,-87.6559372
N OKETO AVE,41.987591,-87.8118396
N OLCOTT AVE,42.0042511,-87.8137062
N OLEANDER AVE,29.2410864,-81.0189209
N OLIPHANT AVE,42.0012444,-87.8176895
N OLMSTED AVE,42.0025986,-87.8176887
N OLYMPIA AVE,41.9887694,-87.8177887
N ONARGA AVE,42.0013259,-87.8112442
N ONEIDA AVE,41.9720226,-87.8212797
N OPAL AVE,41.965256,-87.8231382
N ORANGE AVE,28.5678994,-81.3726965
N ORCHARD ST,41.9254978,-87.6463291
N ORIOLE AVE,41.9869826,-87.8167982
N ORLEANS ST,41.9035295,-87.6374522
N OSAGE AVE,41.9650221,-87.8256198
N OSCEOLA AVE,27.9744365,-82.79991
N OSHKOSH AVE,42.0016598,-87.8188022
N OSWEGO ST,40.6193624,-75.4328224
N OTSEGO AVE,45.031804,-84.6771723
N OTTAWA AVE,41.9815087,-87.8180859
N OTTO AVE,44.919671,-93.1386103
N OVERHILL AVE,41.9969156,-87.8189973
N OWEN AVE,46.2392602,-119.0732436
N OXFORD AVE,34.0907861,-118.3078111
N OZANAM AVE,41.943156,-87.8216108
N OZARK AVE,42.0117902,-87.8200768
N PACIFIC AVE,34.1609091,-118.2644456
N PAGE AVE,41.9450119,-87.8278154
N PANAMA AVE,41.9449702,-87.8290556
N PARIS AVE,41.9433104,-87.8302203
N PARKSIDE AVE,41.9330377,-87.7675076
N PARKVIEW TER,40.4225053,-74.2037689
N PATTON AVE,37.969572,-121.167743
N PAULINA ST,41.9520032,-87.6714218
N PEORIA ST,41.8897688,-87.6499225
N PESHTIGO CT,41.8914074,-87.6151784
N PINE AVE,28.6791624,-81.2211056
N PINE GROVE AVE,41.9400678,-87.6419701
N PIONEER AVE,41.9467063,-87.8315853
N PITTSBURGH AVE,41.9558128,-87.8330193
N PLAINFIELD AVE,41.9466333,-87.8340383
N POE ST,33.6742317,-117.3307066
N POINT ST,37.8050808,-122.4254048
N POLLOCK ST,35.5412399,-78.2804103
N PONCHARTRAIN BLVD,42.0007154,-87.7693877
N PONTIAC AVE,41.9466092,-87.8352851
N POST PL,41.8862545,-87.6347802
N POTAWATOMIE AVE,41.9664297,-87.8427881
N PRESCOTT AVE,27.9701703,-82.7848185
N PRIVATE DR,37.5810255,-97.245584
N PULASKI RD,41.9391102,-87.7271788
N RACINE AVE,41.9249067,-87.6584241
N RANDOLPH ST WACKER ER,38.9028894,-77.1113352
N RAVENSWOOD AVE,41.9738264,-87.6743402
N RECREATION DR,41.9514452,-87.6439071
N REDWOOD AVE,37.332145,-121.9468763
N REDWOOD DR,41.9699927,-87.8278503
N RESERVE AVE,41.9750813,-87.8451902
N RETA AVE,41.9472942,-87.650704
N RICHMOND ST,44.3219651,-88.4146422
N RIDGE AVE,41.9897123,-87.6698798
N RIDGE BLVD,42.0073343,-87.6811595
N RIDGEWAY AVE,41.942817,-87.7211708
N RITCHIE CT,41.9067989,-87.6266276
N RIVERSEDGE TER,41.9761595,-87.7331174
N RIVERSIDE PLZ,41.8849934,-87.6390705
N RIVERWALK DR,29.5262255,-81.1558012
N RIVER WALK   E,41.9334079,-87.6860211
N ROCKWELL ST,41.9558135,-87.6932925
N ROGERS AVE,42.0167515,-87.6737441
N ROSE ST,42.3008718,-85.5850312
N RUSH ST,41.8957261,-87.625488
N RUTHERFORD AVE,41.9436641,-87.7947046
N SACRAMENTO AVE,41.958058,-87.7032512
N SACRAMENTO BLVD,41.8902045,-87.7016568
N SACRAMENTO BLVD E,41.8902045,-87.7016568
N SACRAMENTO BLVD W,41.8902045,-87.7016568
N SANDBURG TER,41.9080381,-87.632261
N SANFORD AVE,40.7593947,-73.8186887
N SANGAMON ST,41.8900618,-87.6510947
N SAUGANASH AVE,41.9982097,-87.7501762
N SAUGANASH LN,41.9888505,-87.7353911
N SAWYER AVE,41.9375029,-87.7087799
N SAYRE AVE,41.9572182,-87.8025866
N S BRANCH CHICAGO RIVER,41.88777628,-87.62295413
N SEDGWICK ST,41.9092465,-87.6385491
N SEELEY AVE,41.9705491,-87.6804572
N SELL CT,41.6032207,-73.087749
N SEMINARY AVE,42.3284734,-88.4431257
N SHEFFIELD AVE,41.9312218,-87.6538106
N SHERIDAN RD,41.9781272,-87.6550313
N SIMONDS DR,41.968827,-87.645236
N SIOUX AVE,42.0034061,-87.7682993
N SOUTHPORT AVE,41.9370425,-87.6637215
N SPAULDING AVE,41.9389721,-87.7100495
N SPOKANE AVE,41.9984072,-87.7598486
N SPRINGFIELD AVE,41.9427658,-87.7248346
N STATE PKWY,41.9078105,-87.6287978
N STATE ST,41.8852942,-87.6279117
N STAVE ST,41.9193507,-87.6942429
N ST CLAIR ST,41.89291,-87.6226996
N STETSON AVE,41.8862198,-87.6223154
N STETSON LOWER AVE,41.8862198,-87.6223154
N STETSON SUB AVE,41.8862198,-87.6223154
N ST JOHNS CT,41.9888596,-87.73473
N ST LOUIS AVE,41.9392445,-87.7149358
N ST MICHAELS CT,41.9128623,-87.6404641
N STOCKTON DR,41.9228814,-87.6357525
N STONE ST,29.0463567,-81.3164595
N STREETER DR,41.8911069,-87.6111192
N SURREY CT,41.9266678,-87.660564
N SUTTON PL,41.9061367,-87.6311419
N TAFT AVE,40.4257178,-105.0967289
N TAHOMA AVE,42.0006503,-87.7668638
N TALMAN AVE,41.9488578,-87.6948901
N THROOP ST,41.8961916,-87.6604501
N TONTY AVE,42.0063039,-87.7767738
N TRIPP AVE,41.942648,-87.7334458
N TROY ST,38.8934973,-77.0825701
N TRUMBULL AVE,41.8936415,-87.7125882
N UNION AVE,29.7152845,-98.1239594
N VINE ST,34.0970697,-118.3266724
N VIRGINIA AVE,41.9762496,-87.7029815
N WABASH AVE,41.8907328,-87.62669
N WABASH LOWER AVE,41.8907328,-87.62669
N WACKER DR,41.8838139,-87.6368092
N WACKER RAMP,41.8838139,-87.6368092
N WACKER RAMP DR,41.8838139,-87.6368092
N WALLER AVE,41.8948074,-87.7679411
N WASHTENAW AVE,41.9174536,-87.694731
N WATERLOO CT,41.9374115,-87.6460099
N WAUKESHA AVE,42.0025679,-87.7664279
N WAYNE AVE,41.9324964,-87.6623359
N WELLS ST,41.8989026,-87.6342911
N WEST CIRCLE AVE,41.9889338,-87.8051171
N WESTERN AVE,41.9503684,-87.6882903
N WESTERN AVE OP,41.9503684,-87.6882903
N WESTSHORE DR,41.8859943,-87.6162413
N WHIPPLE ST,41.9461972,-87.704126
N WICKER PARK AVE,41.907163,-87.6745954
N WIELAND ST,41.9098452,-87.6356648
N WILDWOOD AVE,42.0056701,-87.7754447
N WILLARD CT,41.8943986,-87.6584637
N WILLETTS CT,41.9276301,-87.7031798
N WILMOT AVE,41.9149671,-87.6829995
N WILTON AVE,41.9412923,-87.6529255
N WINCHESTER AVE,41.9032126,-87.6760461
N WINNEBAGO AVE,41.9142244,-87.6849833
N WINTHROP AVE,41.9841718,-87.6580239
N WISNER AVE,41.9337093,-87.7140643
N WOLCOTT AVE,41.950346,-87.6757918
N WOLF RD,41.9261071,-87.9039761
N WOODARD ST,41.933862,-87.7110565
N WOOD ST,41.9082936,-87.6725169
N YORK RD,40.1494271,-75.1147684
S ABBOTT AVE,37.4252558,-121.913692
S ABERDEEN ST,41.7432408,-87.6511144
S ACCESS DR,39.8559238,-85.7705534
S ADA ST,41.7649949,-87.6573512
S ALBANY AVE,27.9359905,-82.480959
S ALLPORT ST,41.8561122,-87.6575803
S ANTHONY AVE,41.7476892,-87.5835547
S ARCHER AVE,41.8183119,-87.697352
S ARCH ST,34.7296956,-92.2798373
S ARTESIAN AVE,41.7952225,-87.6852966
S ASHLAND AVE,41.8008726,-87.6646909
S ASHLAND AVE OP,41.8008726,-87.6646909
S AUSTIN AVE,30.6242989,-97.6792176
S AUSTIN BLVD,41.8508084,-87.7737411
S AVALON AVE,41.7364408,-87.5934908
S AVENUE B,32.5856723,-114.6495891
S AVENUE C,32.660876,-114.6672473
S AVENUE G,41.7008882,-87.5316543
S AVENUE G DR,41.7008882,-87.5316543
S AVENUE J,41.7009048,-87.5340715
S AVENUE K,41.6512425,-87.5350284
S AVENUE L,41.7027413,-87.5364917
S AVENUE M,41.7027492,-87.5377098
S AVENUE O,41.6785236,-87.5399643
S AVERS AVE,41.8498105,-87.7210311
S BAKER AVE,34.0357245,-117.6153885
S BALDWIN AVE,34.1250384,-118.0549087
S BALTIMORE AVE,41.7307005,-87.5485149
S BELL AVE,41.8692449,-87.6824396
S BENNETT AVE,41.7465237,-87.5782823
S BENSLEY AVE,41.7093616,-87.5633135
S BERKELEY AVE,41.8132287,-87.6005584
S BEVERLY AVE,41.7145184,-87.6598823
S BIRKHOFF AVE,41.7431532,-87.640485
S BISHOP FORD 111TH ST ER,41.6603155,-87.5892011
S BISHOP FORD 115TH ST ER,41.6603155,-87.5892011
S BISHOP FORD 115TH ST XR,41.6603155,-87.5892011
S BISHOP FORD 115TH ST XR EB,41.6603155,-87.5892011
S BISHOP FORD 115TH ST XR WB,41.6603155,-87.5892011
S BISHOP FORD 130TH ST ER,41.6603155,-87.5892011
S BISHOP FORD 130TH ST XR,41.6603155,-87.5892011
S BISHOP FORD 137TH ST ER,41.6603155,-87.5892011
S BISHOP FORD 137TH ST XR,41.6603155,-87.5892011
S BISHOP FORD EXPY ER,41.6603155,-87.5892011
S BISHOP FORD EXPY IB,41.6603155,-87.5892011
S BISHOP FORD EXPY OB,41.6603155,-87.5892011
S BISHOP FORD STONY ISLAND AV ER,41.6603155,-87.5892011
S BISHOP FORD STONY ISLAND AV XR,41.6603155,-87.5892011
S BISHOP ST,41.7640337,-87.6605599
S BLACKSTONE AVE,41.7659555,-87.5885509
S BLANCHARD CT,42.2004198,-88.4261173
S BLUE ISLAND AVE,41.8541765,-87.6650564
S BONAPARTE ST,41.8398393,-87.6596522
S BOND AVE,45.4957173,-122.6708905
S BONFIELD ST,41.8412313,-87.6552596
S BRAINARD AVE,41.7906171,-87.8784907
S BRANDON AVE,41.6515003,-87.545918
S BRENNAN AVE,41.7186794,-87.5678383
S BRIGHTON PL,42.080156,-87.9696029
S BROAD ST,39.9199323,-75.1706048
S BUFFALO AVE,41.7392651,-87.5441529
S BURLEY AVE,41.6738264,-87.5447386
S BURNHAM AVE,41.7455911,-87.5564142
S BURNHAM HARBOR DR,41.8605968,-87.6125343
S BURNSIDE AVE,34.0606358,-118.350095
S BUTLER DR,38.6481856,-94.3521341
S CALHOUN AVE,41.7090239,-87.5620999
S CALIFORNIA AVE,41.7863947,-87.6936046
S CALIFORNIA BLVD,37.8945476,-122.0619743
S CALUMET ACCESS RD,41.766575,-87.6168901
S CALUMET AVE,41.766575,-87.6168901
S CALUMET PKWY,41.857608,-87.619839
S CALUMET RIVER,41.6923329,-87.5630544
S CAMPBELL AVE,32.1521031,-110.9434275
S CAMPUS PKWY,41.8638436,-87.6478982
S CANALPORT AVE,41.8550936,-87.6456014
S CANAL ST,41.8481568,-87.6383939
S CARONDOLET AVE,41.6627022,-87.549524
S CARPENTER ST,41.8525341,-87.6530452
S CARVER DR,35.3697683,-77.9827405
S CENTRAL AVE,33.9481764,-118.2540762
S CENTRAL AVE E,40.668928,-74.1107285
S CENTRAL AVE W,44.9530491,-93.1415519
S CENTRAL PARK AVE,41.8583709,-87.7151761
S CENTRAL PARK BLVD,26.3545505,-80.2004668
S CHAMPLAIN AVE,41.7365817,-87.6085336
S CHAPPEL AVE,41.7448073,-87.5746385
S CHARLES ST,39.2757587,-76.6142889
S CHICAGO BEACH DR,41.8059047,-87.5852807
S CHICAGO RIVER,41.88777628,-87.62295413
S CHICAGO SKYWAY 73RD ST ER,41.7623492,-87.5920973
S CHICAGO SKYWAY 73RD ST XR,41.7623492,-87.5920973
S CHICAGO SKYWAY 87TH ST ER,41.7424966,-87.5757208
S CHICAGO SKYWAY 87TH ST XR,41.7424966,-87.5757208
S CHICAGO SKYWAY EXPY IB,41.7424966,-87.5757208
S CHICAGO SKYWAY EXPY OB,41.7424966,-87.5757208
S CHICAGO SKYWAY IB CHICAGO ER,41.7424966,-87.5757208
S CHICAGO SKYWAY INDIANAPOLIS AV ER,41.7082292,-87.5304078
S CHICAGO SKYWAY INDIANAPOLIS AV XR,41.7082292,-87.5304078
S CHICAGO SKYWAY STATE ST ER,41.7424966,-87.5757208
S CHICAGO SKYWAY STATE ST XR,41.8852942,-87.6279117
S CHICAGO SKYWAY ST LAWRENCE AV ER,41.6539621,-87.6075712
S CHICAGO SKYWAY ST LAWRENCE AV XR,41.6539621,-87.6075712
S CHICAGO SKYWAY STONY ISLAND AV ER,41.6598387,-87.5786742
S CHICAGO SKYWAY STONY ISLAND AV XR,41.6598387,-87.5786742
S CHICAGO SKYWAY TURNAROUND,41.7424966,-87.5757208
S CHINA PL,41.8541847,-87.6341502
S CHRISTIANA AVE,41.7862043,-87.7070086
S CHURCH ST,36.0806164,-79.490414
S CICERO AVE,41.6618306,-87.7387302
S CIRCLE PKWY,38.4919673,-121.4429947
S CLAREMONT AVE,41.7464873,-87.6815929
S CLARK ST,41.867352,-87.6303828
S CLINTON ST,39.2768481,-76.569345
S CLYDE AVE,41.7434704,-87.5734043
S COLES AVE,41.756251,-87.55483
S COLFAX AVE,41.876503,-87.9313693
S COLUMBIA DR,33.7643865,-84.2797419
S COLUMBUS DR,41.8745933,-87.6205822
S COMMERCIAL AVE,41.7295863,-87.5512435
S COMMERCIAL CT,27.1086414,-82.3858685
S CONGRESS PLAZA DR,41.8758741,-87.6232906
S CONSTANCE AVE,41.7478766,-87.5799617
S CORLISS AVE,41.7047084,-87.6039277
S CORNELL AVE,41.7587671,-87.5845758
S CORNELL DR,41.7587671,-87.5845758
S COTTAGE GROVE AVE,41.7505035,-87.6052854
S CRANDON AVE,41.7399208,-87.5684599
S CREGIER AVE,41.7697508,-87.5813155
S DAMEN AVE,41.7957436,-87.6743586
S DAMEN AVE E,41.7957436,-87.6743586
S DANIEL DR,40.9295397,-90.4082993
S DAN RYAN 95TH ST ER,41.7223923,-87.6244124
S DAN RYAN 95TH ST XR,41.7223923,-87.6244124
S DAN RYAN CANALPORT AV ER,41.8550902,-87.6454139
S DAN RYAN EXPRESS EXPY IB,41.7952764,-87.6307833
S DAN RYAN EXPRESS EXPY OB,41.7952764,-87.6307833
S DAN RYAN EXPRESS FRANKLIN ER OB,41.7952764,-87.6307833
S DAN RYAN EXPRESS SR,41.7952764,-87.6307833
S DAN RYAN EXPY IB,41.7952764,-87.6307833
S DAN RYAN EXPY OB,41.7952764,-87.6307833
S DAN RYAN I57 XR,41.7202357,-87.6246732
S DAN RYAN MICHIGAN AV ER,44.3148443,-85.6023643
S DANTE AVE,41.7540179,-87.5907636
S DAUPHIN AVE,27.8946926,-82.4985718
S DAVOL ST,41.7131022,-71.155635
S DEARBORN ST,41.8395168,-87.6282444
S DELANO CT E,41.8684122,-87.6327818
S DELANO CT W,41.8684122,-87.6327818
S DENVIR AVE,41.874255,-87.689671
S DESPLAINES ST,41.8672624,-87.6436332
S DOBSON AVE,41.7377306,-87.5989716
S DORCHESTER AVE,41.7605383,-87.5908348
S DOTY AVE E,41.6731648,-87.5996486
S DOTY AVE W,41.6731648,-87.5996486
S DRAKE AVE,41.6950863,-87.7095014
S DREW ST,33.4046407,-111.8327378
S DREXEL AVE,41.7586097,-87.6029081
S DREXEL BLVD,41.8102268,-87.6043748
S DR MARTIN LUTHER KING JR DR,41.7690579,-87.6153521
S DR MARTIN LUTHER KING JR DR E,41.7690579,-87.6153521
S DR MARTIN LUTHER KING JR DR W,41.7690579,-87.6153521
S DUNBAR AVE,27.9321396,-82.5187385
S EAST END AVE,41.8039626,-87.5854395
S EAST VIEW PARK,41.7976769,-87.5826132
S EBERHART AVE,41.6555138,-87.6104717
S EDBROOKE AVE,41.6725999,-87.6190237
S EGGLESTON AVE,41.7088691,-87.6336322
S ELEANOR ST,41.8446555,-87.6601453
S ELIZABETH ST,41.864497,-88.0231529
S ELLIOTT AVE,36.9503757,-93.7185098
S ELLIS AVE,41.7800097,-87.6010543
S ELLSWORTH DR,39.0018934,-77.0223193
S EMERALD AVE,41.7465825,-87.6427008
S ESCANABA AVE,41.7305562,-87.5540355
S ESMOND ST,41.6920741,-87.6680501
S ESSEX AVE,41.740848,-87.5636421
S EUCLID AVE,38.63595,-90.2629668
S EVANS AVE,41.7712933,-87.6069722
S EVERETT AVE,41.7941482,-87.5825164
S EWING AVE,41.7024095,-87.5352743
S EXCHANGE AVE,41.737345,-87.5528237
S FAIRFIELD AVE,41.8611013,-87.6943273
S FARRAGUT DR,26.0336609,-80.2059907
S FARRELL ST,41.8413285,-87.6535329
S FEDERAL ST,41.8363713,-87.6289254
S FIELDING AVE,27.9405723,-82.4676615
S FINANCIAL PL,41.874438,-87.6330337
S FORD CITY DR ER,40.7722865,-79.5297673
S FORD CITY DR XR,40.7722865,-79.5297673
S FOREST AVE,33.3714049,-111.934368
S FORK CHICAGO RIVER,41.88777628,-87.62295413
S FORRESTVILLE AVE,41.8094339,-87.6126598
S FRANCISCO AVE,41.7772584,-87.6957754
S FRANKLIN ST,39.638677,-104.9690568
S FRONTENAC AVE,39.3286813,-74.4979421
S GENOA AVE,39.4908312,-74.5674433
S GILBERT CT,41.6490247,-91.5297875
S GILES AVE,41.8310656,-87.6193279
S GIVINS CT,41.7388596,-87.6425579
S GLENROY AVE,34.0709039,-118.4607575
S GOLE DR,33.4091342,-111.5611635
S GRADY CT,41.8410528,-87.6602392
S GREEN BAY AVE,41.6965676,-87.5413445
S GREEN ST,41.8792076,-87.648452
S GREENWOOD AVE,41.7658656,-87.5982701
S GROVE ST,38.7860366,-121.2326625
S GULLIKSON RD,41.7776653,-87.797888
S HALE AVE,27.9231555,-82.5110697
S HALSTED PKWY,41.7564433,-87.6442106
S HALSTED PKWY E,41.7564433,-87.6442106
S HALSTED ST,41.7564433,-87.6442106
S HAMILTON AVE,41.8683049,-87.6803153
S HAMLET AVE,42.002123,-71.5040722
S HAMLIN AVE,41.798781,-87.7184187
S HAMLIN BLVD,41.8775068,-87.7207122
S HARBOR AVE,43.6432397,-116.7018764
S HARDING AVE,41.8486576,-87.7234526
S HARLEM AVE,41.6048001,-87.7943595
S HARPER AVE,41.7585469,-87.587331
S HARPER CT,41.8000246,-87.5881805
S HARTWELL AVE,41.7741335,-87.621532
S HARVARD AVE,36.0922772,-95.9402162
S HAYNES CT,41.8410036,-87.658283
S HEATH AVE,40.8736061,-73.9040672
S HERMITAGE AVE,41.7798925,-87.6678643
S HERMOSA AVE,41.690844,-87.6670532
S HILLOCK AVE,41.8446802,-87.6576491
S HOEY ST,-27.587806,151.9398137
S HOLDEN CT,41.8718247,-87.6267704
S HOLLAND RD,41.734917,-87.6314353
S HOMAN AVE,41.8099033,-87.7086557
S HOMEWOOD AVE,41.6885541,-87.6701253
S HONORE ST,41.7812029,-87.6703155
S HOUSTON AVE,36.1462786,-95.9980373
S HOXIE AVE,41.696999,-87.5607375
S HOYNE AVE,41.7862956,-87.6765465
S HOYT AVE,40.1679332,-85.4113784
S HYDE PARK BLVD,41.7972186,-87.5839922
S I55 CICERO AV ER,41.87942,-87.7451229
S I55 CICERO AV XR,41.87942,-87.7451229
S I55 DAMEN AV XR,41.8825629,-87.6766653
S I55 DAMEN ST ER,41.880708,-87.6766139
S I57 EXPY IB,39.271965,-88.4686351
S I57 EXPY OB,39.271965,-88.4686351
S INDEPENDENCE BLVD,36.811707,-76.1235797
S INDIANA AVE,41.7608824,-87.6199861
S INDIANA PKWY,41.8649443,-87.6230876
S INDIANAPOLIS AVE,36.133265,-95.9392019
S INGLESIDE AVE,41.7606407,-87.6017403
S IRON ST,41.8285081,-87.6592999
S IRVING AVE,32.2088651,-110.9052309
S JEFFERSON ST,38.8567991,-77.1227851
S JEFFERY AVE,41.7450772,-87.5758581
S JEFFERY BLVD,41.7450772,-87.5758581
S JEFFERY DR,41.7450772,-87.5758581
S JUSTINE ST,41.8323443,-87.6643375
S KARLOV AVE,41.8023436,-87.7258696
S KEATING AVE,41.7748237,-87.7409584
S KEDVALE AVE,41.7858864,-87.7266215
S KEDZIE AVE,41.7607494,-87.7026857
S KEEFE AVE,43.0826025,-87.9796176
S KEELER AVE,41.7913459,-87.7280098
S KEELEY ST,41.8404839,-87.6534331
S KENNEDY EXPY IB,41.9594766,-87.7413739
S KENNEDY EXPY OB,41.9594766,-87.7413739
S KENNEDY WASHINGTON BL XR,38.9071923,-77.0368707
S KENNETH AVE,41.771242,-87.733549
S KENTON AVE,41.7452856,-87.7353804
S KENWOOD AVE,41.7678113,-87.5922073
S KERFOOT AVE,41.7414204,-87.6404142
S KILBOURN AVE,41.7525048,-87.7342175
S KILDARE AVE,41.8114214,-87.7311988
S KILDARE BLVD,53.1589342,-6.9095683
S KILPATRICK AVE,41.7748629,-87.7397502
S KIMBARK AVE,41.7668927,-87.5941987
S KINGSTON AVE,41.744122,-87.562474
S KIRKLAND AVE,47.6753822,-122.1964243
S KNOX AVE,41.7748368,-87.7385177
S KOLIN AVE,41.7894892,-87.7316262
S KOLMAR AVE,41.7712199,-87.7359719
S KOMENSKY AVE,41.7703721,-87.7237623
S KOSTNER AVE,41.7347758,-87.7311343
S KREITER AVE,41.7267772,-87.5338165
S LA CROSSE AVE,41.8057918,-87.7443457
S LAFAYETTE AVE,41.7312905,-87.6253038
S LAFAYETTE ST,39.6713992,-104.9711352
S LAFLIN PL,41.8623781,-87.6638909
S LAFLIN ST,41.8623781,-87.6638909
S LAKE PARK AVE,41.8173884,-87.5992235
S LAKE SHORE DR,41.8127022,-87.590383
S LAKE SHORE DR NB,41.8127022,-87.590383
S LAMON AVE,41.8071321,-87.7455705
S LANGLEY AVE,41.7402701,-87.6075419
S LAPORTE AVE,41.8057541,-87.7467852
S LARAMIE AVE,41.8255994,-87.7535126
S LARAMIE AVE OP,41.8255994,-87.7535126
S LARAMIE AVE W,41.8255994,-87.7535126
S LA SALLE ST,41.7084076,-87.6271491
S LATROBE AVE,41.7782235,-87.7532209
S LAVERGNE AVE,41.77651,-87.747089
S LAWLER AVE,41.8057225,-87.7492218
S LAWNDALE AVE,41.7714681,-87.7152037
S LEAMINGTON AVE,41.8056811,-87.7516726
S LEAVITT ST,41.8516007,-87.6807173
S LECLAIRE AVE,41.8052866,-87.7504207
S LINDER AVE,41.7780941,-87.7592947
S LITTLE CALUMET RIVER,41.60432337,-87.48475451
S LITUANICA AVE,41.8316907,-87.6485489
S LLOYD AVE,39.9959305,-75.7235944
S LOCK ST,41.8400918,-87.6611886
S LOCKWOOD AVE,41.7744864,-87.7544082
S LONG AVE,41.7763269,-87.7568051
S LONGWOOD DR,41.7061695,-87.6707682
S LOOMIS BLVD,41.7722657,-87.6591592
S LOOMIS ST,41.8499551,-87.6610742
S LOOP DR,31.567028,-97.1059872
S LOREL AVE,41.774552,-87.75553
S LOTHAIR AVE,41.6880135,-87.6747834
S LOTUS AVE,41.7993596,-87.7588209
S LOUIE PKWY,41.8560842,-87.6322292
S LOWE AVE,41.7391066,-87.640402
S LSD COLUMBUS DR ER,34.3339569,-83.3973673
S LSD COLUMBUS DR XR,34.3339569,-83.3973673
S LSD MOE DR ER,41.8482159,-87.6130939
S LUELLA AVE,41.736695,-87.5696368
S LUMBER ST,41.8578621,-87.6364795
S LUNA AVE,41.800063,-87.7612709
S LYMAN ST,41.839749,-87.6558871
S LYNN WHITE DR,41.8633414,-87.6092047
S LYON AVE,33.7220348,-116.9889253
S LYTLE ST,41.8681621,-87.6579447
S MACKINAW AVE,41.6481966,-87.542252
S MAJOR AVE,41.7886642,-87.7646955
S MALTA ST,39.6160506,-104.7405899
S MANISTEE AVE,41.7281757,-87.5567572
S MAPLEWOOD AVE,41.7713948,-87.6870989
S MARQUETTE AVE,44.9763201,-93.2708829
S MARQUETTE RD,41.7734755,-87.6130273
S MARSHALL BLVD,41.8518512,-87.6990855
S MARSHFIELD AVE,41.7787115,-87.6654725
S MARTIN ST,40.1494695,-105.0907174
S MARYLAND AVE,41.7531131,-87.6040148
S MASON AVE,47.2055825,-122.4944652
S MASSASOIT AVE,41.7889933,-87.7658236
S MAYFIELD AVE,41.8702216,-87.7718461
S MAY ST,41.7650669,-87.6529037
S MCCORMICK PLACE ER,41.8527221,-87.6158294
S MCCORMICK PL BUSWAY,41.8660161,-87.6207008
S MCDERMOTT ST,33.8547506,-79.0537251
S MCDOWELL AVE,41.8104471,-87.6625908
S MCVICKER AVE,41.7888448,-87.7731492
S MEADE AVE,41.786996,-87.7742836
S MELODY CT,41.8569019,-87.6328474
S MELVINA AVE,41.7869262,-87.776727
S MENARD AVE,41.87002,-87.7694146
S MERRILL AVE,41.7425552,-87.5721616
S MERRIMAC AVE,41.7919704,-87.7781241
S MERRION AVE,41.7189885,-87.5696972
S MICHIGAN AVE,41.7564609,-87.6214968
S MIDWAY AIRPORT,41.7867759,-87.7521884
S MIDWAY AIRPORT CICERO AVE ER NB,41.7867759,-87.7521884
S MIDWAY AIRPORT CICERO AVE ER SB,41.7867759,-87.7521884
S MIDWAY AIRPORT CICERO AVE XR,41.7867759,-87.7521884
S MIDWAY AIRPORT LOWER,41.7867759,-87.7521884
S MIDWAY AIRPORT LOWER CICERO AVE ER NB,41.7867759,-87.7521884
S MIDWAY AIRPORT LOWER CICERO AVE ER SB,41.7867759,-87.7521884
S MIDWAY AIRPORT LOWER CICERO AVE XR,41.7867759,-87.7521884
S MILLARD AVE,41.7985108,-87.7147199
S MILLER ST,47.4104884,-120.3246091
S MINERVA AVE,42.4864015,-83.1187733
S MOBILE AVE,41.7868847,-87.7791691
S MOE DR,41.8482159,-87.6130939
S MONITOR AVE,41.7907784,-87.7683253
S MONTGOMERY AVE,29.0218455,-81.32093
S MOODY AVE,45.4985836,-122.6718086
S MORGAN ST,41.7705761,-87.6494115
S MOZART ST,41.782733,-87.6946989
S MULLIGAN AVE,41.7905292,-87.7805188
S MUSEUM CAMPUS DR,41.8672743,-87.6170686
S MUSKEGON AVE,41.7263725,-87.5553103
S NAGLE AVE,41.7886528,-87.7828893
S NARRAGANSETT AVE,41.7594685,-87.7805707
S NASHVILLE AVE,39.342929,-74.468548
S NATCHEZ AVE,41.7868036,-87.7840464
S NATOMA AVE,41.7885702,-87.7877695
S NEENAH AVE,41.7776341,-87.7849161
S NEVA AVE,41.79129,-87.8002274
S NEWBERRY AVE,41.8623225,-87.647803
S NEWCASTLE AVE,41.7518936,-87.7913168
S NEW ENGLAND AVE,41.7866398,-87.7938086
S NEWLAND AVE,41.7884646,-87.7950983
S NORDICA AVE,41.7916104,-87.7977024
S NORFOLK RR ACCESS RD,12.9682427,77.5830004
S NORMAL AVE,41.8284805,-87.6387354
S NORMAL BLVD,41.7696204,-87.6372504
S NORMANDY AVE,41.7867201,-87.7889276
S NOTTINGHAM AVE,41.7769724,-87.7984062
S OAKENWALD AVE,41.8165097,-87.5971729
S OAKLAND CRES,54.1037788,-6.2537458
S OAKLEY AVE,41.7737953,-87.6809312
S OAKLEY BLVD,41.8739203,-87.6837644
S OAK PARK AVE,41.8469014,-87.7932186
S OGLESBY AVE,41.7354026,-87.5671245
S PACKERS AVE,41.8155061,-87.6586616
S PARK SHORE EAST CT,41.7828772,-87.5878655
S PARKSIDE AVE,41.7890349,-87.7633827
S PARNELL AVE,41.7088289,-87.6368081
S PAULINA ST,41.8040089,-87.667287
S PAXTON AVE,41.7416941,-87.5709463
S PEORIA ST,39.6199845,-104.8478422
S PERRY AVE,41.7198701,-87.6261981
S PHILLIPS AVE,43.5264042,-96.7262923
S PITNEY CT,41.8392013,-87.6630184
S PLEASANT AVE,40.9674473,-74.1018068
S PLYMOUTH CT,41.8705001,-87.6285841
S POPLAR AVE,41.8815305,-87.930209
S PORTLAND AVE,35.3927562,-97.5781721
S PRAIRIE AVE,41.8577468,-87.6207601
S PRAIRIE PARK PL,41.7464851,-87.6190727
S PRAIRIE PKWY,41.8566383,-87.620267
S PRINCETON AVE,41.7585643,-87.6320642
S PROMONTORY DR,41.7768692,-87.5713644
S PROSPECT AVE,41.9986326,-87.8328176
S PROSPECT SQ,53.3691072,-6.2716581
S PULASKI RD,41.7608367,-87.722161
S QUINN ST,38.8639504,-77.0739991
S RACINE AVE,41.7759607,-87.6544188
S RHODES AVE,41.8311036,-87.6144946
S RICHARDS DR,32.6263136,-103.0902993
S RICHMOND ST,41.7863389,-87.6972398
S RIDGELAND AVE,41.67882,-87.7782707
S RIDGEWAY AVE,41.8480041,-87.7185452
S RIDGEWOOD CT,41.7968492,-87.5925693
S RIVERDALE AVE,40.9167731,-73.9017888
S RIVERSIDE PLZ,41.8800271,-87.638674
S ROBINSON ST,39.2854014,-76.5721688
S ROCKWELL ST,41.8083506,-87.6893104
S RUBLE ST,41.8572007,-87.6437633
S RUSSELL DR,37.3642827,-87.492953
S RUTHERFORD AVE,41.7885374,-87.7902176
S SACRAMENTO AVE,41.7936005,-87.6986753
S SACRAMENTO BLVD,41.8737449,-87.7010039
S SAGINAW AVE,41.7414274,-87.5599966
S SANGAMON ST,41.862288,-87.6498593
S SAWYER AVE,41.8526748,-87.7064764
S SAYRE AVE,41.7680864,-87.7951859
S S BRANCH CHICAGO RIVER,41.88777628,-87.62295413
S SCOTTSDALE AVE,41.7438225,-87.7352827
S SEELEY AVE,41.7884262,-87.6753739
S SHELBY CT,41.8556703,-87.6506884
S SHERMAN PARK   E,43.0717719,-87.9604345
S SHERMAN PARK   W,43.0717719,-87.9604345
S SHIELDS AVE,41.8163703,-87.6347012
S SHORE DR,41.7966683,-87.580902
S SOUTH CHICAGO AVE,41.7478284,-87.58047
S SOUTH SHORE DR,41.7594022,-87.5560049
S SPAULDING AVE,41.8099106,-87.7064314
S SPRINGFIELD AVE,40.6920129,-74.3221712
S STARK ST,45.5191325,-122.5132833
S STATE LINE RD,38.9740714,-94.608178
S STATE ST,41.7558955,-87.6247045
S STEVENSON EXPY ER,41.8094342,-87.7670348
S STEVENSON IB LSD SB ER,51.5150534,-0.099034
S STEWART AVE,41.7917108,-87.6355427
S ST LAWRENCE AVE,41.7530197,-87.6101244
S ST LAWRENCE DR,41.7530197,-87.6101244
S ST LOUIS AVE,41.809825,-87.7112075
S STONY ISLAND AVE,41.7274595,-87.5849883
S STONY ISLAND AVE E,41.7274595,-87.5849883
S STONY ISLAND AVE W,41.7274595,-87.5849883
S STONY ISLAND EXT AVE,41.7274595,-87.5849883
S SUMMIT AVE,35.232053,-80.861517
S TALMAN AVE,41.7828096,-87.689831
S TAN CT,41.8548701,-87.6350035
S THOMAS BARCLAY DR,41.8429649,-87.659368
S THOMPSON DR,43.0829286,-89.2860046
S THROOP PKWY,41.8809371,-87.6602069
S THROOP ST,41.8569989,-87.6588529
S TOM PKWY,41.8559687,-87.634034
S TORRENCE AVE,41.6756487,-87.5592617
S TRIPP AVE,41.7694705,-87.7286212
S TROY ST,39.692059,-104.84101
S TRUMBULL AVE,41.857184,-87.7114868
S UNION AVE,34.0493041,-118.2741448
S UNIVERSITY AVE,34.7119506,-92.3433253
S URBAN AVE,36.053337,-95.924886
S VANDERPOEL AVE,41.7200597,-87.6663817
S VAN VLISSINGEN RD,41.7147354,-87.5735915
S VERNON AVE,41.7373244,-87.6129318
S VINCENNES AVE,41.8165755,-87.6140783
S WABASH AVE,41.7740666,-87.6239578
S WACKER DR,41.8781659,-87.6366716
S WACKER LOWER DR,41.8781659,-87.6366716
S WACKER RAMP,41.8781659,-87.6366716
S WACKER RAMP LOWER DR,41.8781659,-87.6366716
S WALDEN PKWY,41.7078878,-87.6689467
S WALLACE ST,41.7530464,-87.639817
S WALLER AVE,41.8776987,-87.7680332
S WALTON DR,41.4026461,-88.1310868
S WASHINGTON PARK CT,41.8039321,-87.6150162
S WASHTENAW AVE,41.7827916,-87.6910381
S WATKINS AVE,41.6817154,-87.6680736
S WELLS ST,41.8290381,-87.6326705
S WENTWORTH AVE,41.7446566,-87.6291473
S WESTERN AVE,33.8963039,-118.3091566
S WESTERN BLVD,41.8160168,-87.6840685
S WHIPPLE ST,41.777192,-87.699418
S WILLIAMS AVE,43.5320437,-96.7599544
S WINCHESTER AVE,41.7800563,-87.6727066
S WINSTON AVE,36.1147536,-95.9238242
S WOLCOTT AVE,41.8054256,-87.6721787
S WOODLAWN AVE,41.7587969,-87.5958227
S WOOD ST,41.7877287,-87.6692859
S WOODWARD DR,39.3057703,-76.4714372
S YALE AVE,36.0302677,-95.9221987
S YATES AVE,41.7117001,-87.5645575
S YATES BLVD,41.7448573,-87.5661393
S YOUNG PKWY,28.4015693,-81.4249951
W 100TH PL,41.7113473,-87.659763
W 100TH ST,40.7961037,-73.9670635
W 101ST PL,39.8804891,-105.017292
W 101ST ST,40.79725,-73.968038
W 102ND PL,41.707261,-87.6853217
W 102ND ST,40.7977402,-73.9672631
W 103RD PL,41.7060602,-87.6379498
W 103RD ST,41.7056474,-87.7349372
W 104TH PL,41.7040861,-87.6524617
W 104TH ST,40.7989683,-73.9662634
W 105TH PL,41.7010387,-87.7371019
W 105TH ST,40.7993298,-73.9651719
W 106TH PL,41.6992412,-87.7351872
W 106TH ST,40.8001992,-73.9650421
W 107TH PL,41.6992134,-87.6551984
W 107TH ST,40.8008544,-73.964631
W 108TH PL,41.6963731,-87.6716071
W 108TH ST,40.8015095,-73.9641977
W 109TH PL,41.694931,-87.65461
W 109TH ST,40.8023751,-73.9643089
W 110TH PL,41.6931315,-87.6715427
W 110TH ST,40.8009929,-73.9590858
W 111TH PL,41.6913279,-87.6520742
W 111TH ST,41.6904926,-87.7628802
W 112TH PL,41.6893343,-87.6622773
W 112TH ST,38.925617,-94.7234391
W 113TH PL,41.6875914,-87.6519542
W 113TH ST,40.8031131,-73.9582361
W 114TH PL,41.6835477,-87.7958705
W 114TH ST,40.8037381,-73.9577813
W 115TH PL,41.6832049,-87.7102324
W 115TH ST,41.6840583,-87.713914
W 116TH PL,41.6817533,-87.6855877
W 116TH ST,40.8050482,-73.956822
W 117TH PL,39.9091582,-105.0589167
W 117TH ST,40.8038725,-73.9519366
W 118TH PL,39.9110949,-105.056492
W 118TH ST,40.805037,-73.9527766
W 119TH ST,38.9129044,-94.7059674
W 11TH PL,34.0469565,-118.2755402
W 120TH ST,33.9237421,-118.3260194
W 121ST ST,40.8079728,-73.95387
W 122ND PL,41.3961163,-87.3925385
W 122ND ST,40.808865,-73.954048
W 123RD ST,40.8089442,-73.9522898
W 124TH ST,33.920075,-118.2915546
W 125TH PL,41.6660796,-87.6330874
W 125TH ST,40.8109751,-73.95309
W 126TH PL,41.664293,-87.6330145
W 126TH ST,33.9183451,-118.3195632
W 127TH PL,41.3873312,-87.4325817
W 127TH ST,41.6620138,-87.7238723
W 128TH PL,38.894176,-94.7120724
W 128TH ST,40.8112596,-73.9476722
W 129TH PL,41.6568879,-87.7677097
W 12TH PL,34.0454483,-118.2765155
W 13TH PL,32.7033297,-114.6547238
W 13TH ST,40.7383963,-74.0014389
W 14TH PL,41.8623968,-87.6655898
W 14TH ST,40.7393254,-74.0014809
W 15TH PL,41.8602727,-87.6858712
W 15TH ST,40.7399429,-74.0008292
W 16TH PL,34.0459094,-118.3340607
W 16TH ST,40.7407337,-74.0007184
W 17TH PL,39.7439996,-105.1958243
W 17TH ST,40.741388,-74.0004146
W 18TH DR,43.9165265,-89.9290672
W 18TH PL,41.8568627,-87.6668098
W 18TH ST,29.8017228,-95.4292641
W 19TH PL,41.5833524,-87.3730651
W 19TH ST,40.7425823,-73.9996537
W 20TH PL,32.6906366,-114.6667308
W 21ST PL,41.8529041,-87.6905391
W 21ST ST,40.7439661,-73.9993153
W 22ND PL,41.8514754,-87.6708872
W 23RD PL,30.1910362,-85.6658717
W 23RD ST,40.7453063,-73.9984746
W 24TH BLVD,41.8478679,-87.6970825
W 24TH PL,41.8469292,-87.7294965
W 24TH ST,40.7460428,-73.9987334
W 25TH PL,41.8460353,-87.6385879
W 25TH ST,40.7464345,-73.9972024
W 26TH PL,34.0317539,-118.3151732
W 26TH ST,40.7475915,-73.9980082
W 27TH ST,40.7445891,-73.9889973
W 28TH PL,41.8427261,-87.6364831
W 28TH ST,40.7490929,-73.9969488
W 29TH ST,40.7496505,-73.9971756
W 30TH PL,41.837433,-87.7543118
W 30TH ST,40.750235,-73.9966229
W 31ST PL,41.8369473,-87.6607967
W 31ST ST,41.8352466,-87.8351226
W 31ST ST OP,38.8914347,-94.697341
W 32ND PL,41.8347217,-87.6680463
W 32ND ST,39.8129926,-86.2163749
W 33RD ST,40.7521336,-73.9953333
W 34TH PL,41.8313558,-87.6704198
W 34TH ST,40.7527053,-73.9946697
W 35TH PL,41.8296719,-87.6492582
W 35TH ST,41.830417,-87.6728404
W 36TH PL,34.0219448,-118.2959568
W 36TH ST,40.7534726,-73.9925244
W 37TH PL,34.0199719,-118.2977305
W 37TH ST,40.754091,-73.992079
W 38TH PL,41.8240741,-87.6677962
W 38TH ST,40.754707,-73.991633
W 39TH PL,34.014137,-118.300193
W 40TH PL,34.0101054,-118.2872448
W 40TH ST,40.756402,-73.9918028
W 41ST PL,34.0081526,-118.3138458
W 41ST ST,40.7578623,-73.9930699
W 42ND PL,41.8165831,-87.6840824
W 42ND ST,40.7578775,-73.9913276
W 43RD PL,25.8616638,-80.3029055
W 43RD ST,40.7582759,-73.9901731
W 44TH PL,25.8625491,-80.3066121
W 44TH ST,40.7630137,-73.9994774
W 45TH PL,41.8117224,-87.6334371
W 45TH ST,40.7595716,-73.9893629
W 46TH PL,41.8102172,-87.6355525
W 46TH ST,40.7604572,-73.9895135
W 47TH PL,41.8069858,-87.6972104
W 47TH ST,40.7607273,-73.9882141
W 48TH PL,41.8061656,-87.6406191
W 48TH ST,40.761446,-73.9879788
W 49TH PL,25.8676268,-80.3144968
W 49TH ST,40.7620366,-73.9874564
W 50TH PL,33.9969799,-118.2909037
W 50TH ST,40.7590703,-73.9784577
W 51ST PL,33.9959936,-118.2997112
W 51ST ST,40.7632683,-73.9864745
W 52ND ST,40.7638931,-73.9860259
W 53RD PL,39.7962091,-104.9943176
W 53RD ST,40.7641748,-73.9847444
W 54TH PL,39.7970455,-105.1047929
W 54TH ST,40.7652341,-73.9853324
W 55TH PL,41.7922918,-87.7230716
W 55TH ST,40.7660018,-73.985207
W 56TH PL,39.7992211,-105.1309052
W 56TH ST,40.7666208,-73.9846895
W 57TH PL,41.7887089,-87.7198375
W 57TH ST,40.7672935,-73.9841978
W 58TH PL,33.9880496,-118.342543
W 58TH ST,40.7679663,-73.9836548
W 59TH PL,33.9867116,-118.3024034
W 59TH ST,40.7710764,-73.9891498
W 60TH PL,33.9850301,-118.3002648
W 60TH ST,40.7708193,-73.9865588
W 61ST PL,41.7815688,-87.7128263
W 61ST ST,40.7716723,-73.9866895
W 62ND PL,41.7797405,-87.7127616
W 62ND ST,40.7722877,-73.9862027
W 63RD PKWY,41.7821386,-87.645486
W 63RD PL,41.7773805,-87.753191
W 63RD ST,41.7787791,-87.7154031
W 64TH PL,41.7751532,-87.7522651
W 64TH ST,40.7735391,-73.9853266
W 65TH PL,41.7741463,-87.7197106
W 65TH ST,41.7751518,-87.7140378
W 66TH PL,41.771898,-87.751811
W 66TH ST,40.7742944,-73.9832222
W 67TH PL,39.819338,-105.1022967
W 68TH PL,39.8209126,-105.1008028
W 68TH ST,25.884164,-80.321648
W 69TH PL,41.766845,-87.7200034
W 69TH ST,41.7682736,-87.6870047
W 70TH PL,41.7646646,-87.754427
W 70TH ST,40.7772491,-73.9824378
W 71ST PL,39.8264226,-105.090925
W 71ST ST,40.7778632,-73.9819623
W 72ND PL,41.7600402,-87.7977082
W 72ND ST,40.7785349,-73.9814595
W 73RD PL,39.8297775,-105.0987749
W 73RD ST,40.7789766,-73.980373
W 74TH ST,40.7796002,-73.9798979
W 75TH PL,39.8330136,-105.1056764
W 75TH ST,40.7803414,-73.9796591
W 76TH PL,41.7543408,-87.7142144
W 76TH ST,41.7553434,-87.6977558
W 76TH ST FORD CITY ER,41.7550159,-87.7320313
W 77TH PL,41.7525873,-87.7230261
W 77TH ST,40.7814934,-73.978452
W 78TH PL,33.9681862,-118.3221335
W 78TH ST,40.7829045,-73.9798639
W 79TH PL,41.7487823,-87.709662
W 79TH ST,40.7838215,-73.9799099
W 80TH PL,39.8431721,-105.0580981
W 80TH ST,40.784276,-73.9788582
W 81ST PL,39.8442687,-105.078406
W 81ST ST,40.7841488,-73.9765937
W 82ND PL,41.7433263,-87.7070802
W 82ND ST,40.7851039,-73.9769031
W 83RD PL,41.7413984,-87.7134896
W 83RD ST,40.7854763,-73.975821
W 84TH PL,33.9618069,-118.3133969
W 84TH ST,40.7862483,-73.9757235
W 85TH PL,41.7379485,-87.705905
W 85TH ST,40.786653,-73.9746977
W 86TH PL,33.9592417,-118.3987642
W 86TH ST,40.7876872,-73.9750135
W 87TH ST,41.7343487,-87.7481233
W 87TH ST N,41.7343487,-87.7481233
W 87TH ST S,36.0382548,-96.0428291
W 88TH ST,40.7889284,-73.9739112
W 89TH PL,41.7281666,-87.7354087
W 89TH ST,40.7894943,-73.9733074
W 90TH PL,33.9550154,-118.299451
W 90TH ST,40.789744,-73.9719663
W 91ST PL,41.7264092,-87.743438
W 91ST ST,40.7907184,-73.9723448
W 92ND PL,41.7257003,-87.6654493
W 92ND ST,40.7912497,-73.9716435
W 93RD PL,41.7232162,-87.7248672
W 93RD ST,40.7919612,-73.9713827
W 94TH PL,33.9505165,-118.3100644
W 94TH ST,40.792676,-73.9711046
W 95TH PL,39.8698933,-105.2250123
W 95TH ST,41.7196856,-87.7615297
W 96TH PL,39.8719086,-104.9990024
W 96TH ST,40.7932251,-73.9683736
W 97TH PL,41.7166724,-87.6510719
W 97TH ST,40.7944762,-73.9692453
W 98TH PL,41.7138225,-87.7357137
W 98TH ST,40.7962763,-73.9715681
W 99TH PL,41.7121357,-87.7276594
W 99TH ST,38.9491539,-94.7395635
W ADAMS BLVD,34.0326399,-118.3196653
W ADAMS ST,41.8783159,-87.6984339
W ADDISON ST,41.9462284,-87.7397123
W AGATITE AVE,41.9627295,-87.6523489
W AINSLIE ST,41.9702268,-87.7134043
W ALBION AVE,42.0016006,-87.6818278
W ALDINE AVE,41.9418387,-87.6461787
W ALTGELD ST,41.9263633,-87.7366667
W ANCONA ST,41.8942984,-87.6545553
W ANN LURIE PL,41.8162612,-87.7306643
W ANSON PL,29.0078187,-82.4567562
W ARCHER AVE,41.7921249,-87.7958421
W ARDMORE AVE,41.9868941,-87.6891359
W ARGYLE ST,41.9716799,-87.7484664
W ARLINGTON PL,41.926753,-87.6426716
W ARMITAGE AVE,41.917162,-87.7289086
W ARMSTRONG AVE,41.9844143,-87.764122
W ARMSTRONG RD,48.2362437,-122.7251303
W ARTHINGTON ST,41.869967,-87.7137341
W ARTHUR AVE,41.999284,-87.7045674
W ASHER ST,41.6708557,-87.6609015
W ATTRILL ST,41.9203374,-87.6943535
W AUGUSTA BLVD,41.8991199,-87.7158208
W BALMORAL AVE,41.9797039,-87.6840107
W BARRY AVE,41.937184,-87.732932
W BEACH AVE,41.9075798,-87.6700349
W BELDEN AVE,41.9226358,-87.7285446
W BELLE PLAINE AVE,41.9554995,-87.7456366
W BELMONT AVE,41.9388048,-87.7488442
W BERENICE AVE,41.9514098,-87.6786695
W BERTEAU AVE,41.9570295,-87.7506608
W BERWYN AVE,41.9777573,-87.6855841
W BEVERLY GLEN PKWY,41.7128713,-87.6649012
W BIRCHWOOD AVE,42.0174008,-87.6875236
W BISHOP FORD I57 XR,41.7202357,-87.6246732
W BITTERSWEET PL,41.9556758,-87.6482631
W BLACKHAWK ST,41.9078551,-87.6524917
W BLISS ST,33.9070189,-118.236094
W BLOOMINGDALE AVE,41.9132553,-87.7481181
W BOWLER ST,41.870509,-87.6804568
W BRADLEY PL,41.9496234,-87.6761951
W BRAYTON ST,40.8916874,-73.9632015
W BRIAR PL,41.9386922,-87.6431355
W BRODMAN AVE,41.9598302,-87.8394847
W BROMPTON AVE,41.9465819,-87.646802
W BROSS AVE,41.8346989,-87.6835626
W BRYN MAWR AVE,41.9826978,-87.7502393
W BUCKINGHAM PL,41.9427166,-87.6488074
W BUENA AVE,41.9584791,-87.6513254
W BURKHARDT DR,35.4633091,-89.8274976
W BURTON PL,41.9094263,-87.6310517
W BYRON ST,41.9515827,-87.7456143
W CAHILL TER,41.9456907,-87.8251916
W CALHOUN PL,39.5959186,-105.0853146
W CALIFORNIA TER,41.9385079,-87.6480884
W CARMEN AVE,41.9736347,-87.7343489
W CARROLL AVE,41.8875968,-87.681693
W CARROLL DR,41.8875968,-87.681693
W CASTLEISLAND AVE,41.9622918,-87.8397293
W CASTLEWOOD TER,41.9708427,-87.653583
W CATALPA AVE,41.9813702,-87.6893015
W CATHERINE AVE,41.9772345,-87.8359344
W CATON ST,41.9119017,-87.6807193
W CERMAK RD,41.850797,-87.7742988
W CHALMERS PL,41.924659,-87.6504433
W CHARLESTON ST,41.919937,-87.683111
W CHASE AVE,42.0135691,-87.7406023
W CHESTNUT ST,41.8982947,-87.6509253
W CHICAGO AVE,41.8956114,-87.7016931
W CHICAGO RIVER,41.88777628,-87.62295413
W CHURCHILL ST,41.9146594,-87.6799918
W CLARENCE AVE,41.9944566,-87.8068146
W COLLEGE PKWY,41.8614573,-87.6488145
W COLUMBIA AVE,42.0044297,-87.6705647
W COLUMBUS AVE,41.7489343,-87.7046129
W CONCORD LN,41.9193559,-88.043429
W CONCORD PL,41.9126673,-87.6605419
W CONGRESS PKWY,41.8748958,-87.6961278
W CORCORAN PL,41.8871631,-87.7691849
W CORNELIA AVE,41.9444139,-87.7396399
W CORTEZ DR,34.7801549,-111.7639803
W CORTEZ ST,33.5920592,-112.1253758
W CORTLAND ST,41.9151782,-87.7399948
W COTTAGE PL,43.0727029,-87.929181
W COUCH PL,41.8851063,-87.6368174
W COULTER ST,41.8481112,-87.6793116
W COURT PL,26.720157,-81.70166
W COYLE AVE,42.0076035,-87.697391
W CREST LINE ST,41.7442851,-87.7248012
W CRYSTAL CREEK,-28.3115146,153.3248251
W CRYSTAL ST,41.9037174,-87.7117018
W CULLERTON ST,41.8548649,-87.6808253
W CULLOM AVE,41.9592894,-87.7155212
W CUYLER AVE,41.9550576,-87.6812077
W DAKIN ST,41.9535931,-87.653552
W DEKOVEN ST,41.8690037,-87.6410367
W DELAWARE PL,41.8992267,-87.6328763
W DEMING PL,41.9286784,-87.6423186
W DE SAIBLE ST,27.7708033,-82.6381229
W DEVON AVE,41.9973002,-87.7410537
W DICKENS AVE,41.9189782,-87.7284393
W DICKENS BLVD,41.9189782,-87.7284393
W DICKENS DR,41.9189782,-87.7284393
W DIVERSEY AVE,41.9314339,-87.7539673
W DIVERSEY PKWY,41.9325421,-87.6599306
W DIVERSEY SCHOOL CT,41.6032207,-73.087749
W DIVISION ST,41.9028743,-87.7019735
W DOUGLAS BLVD,41.8629133,-87.7106134
W DOUGLAS DR,35.4384678,-97.4062902
W DRAPER ST,41.9282731,-87.6585656
W DRUMMOND PL,41.930351,-87.6464994
W EARLY AVE,41.9867337,-87.6632412
W EASTMAN ST,41.9067934,-87.6516484
W EASTWOOD AVE,41.965715,-87.6912397
W EDDY ST,41.9452728,-87.7469699
W EDGEWATER AVE,41.9862871,-87.668802
W EDMUNDS ST,41.970836,-87.7664343
W EISENHOWER AUSTIN BV ER,30.267153,-97.7430608
W EISENHOWER AUSTIN BV XR,30.267153,-97.7430608
W EISENHOWER CALIFORNIA AV ER,33.7628701,-116.4040594
W EISENHOWER CALIFORNIA AV XR,33.7628701,-116.4040594
W EISENHOWER CANAL ST ER,40.7194006,-74.0018946
W EISENHOWER CANAL ST XR,40.7194006,-74.0018946
W EISENHOWER CICERO AV ER,41.6618306,-87.7387302
W EISENHOWER CICERO AV XR,41.6618306,-87.7387302
W EISENHOWER DAMEN AV ER,41.9505032,-87.6786568
W EISENHOWER DAMEN AV ER OB,41.9505032,-87.6786568
W EISENHOWER DAMEN AV XR,41.9505032,-87.6786568
W EISENHOWER HOMAN AV ER,41.8099033,-87.7086557
W EISENHOWER HOMAN AV XR,41.8099033,-87.7086557
W EISENHOWER KOSTNER AV ER,41.9389664,-87.7370121
W EISENHOWER KOSTNER AV XR,41.9389664,-87.7370121
W EISENHOWER PAULINA ST ER,41.9520032,-87.6714218
W EISENHOWER PAULINA ST XR,41.9520032,-87.6714218
W EISENHOWER RACINE AV ER,42.7261309,-87.7828523
W EISENHOWER RACINE AV XR,42.7261309,-87.7828523
W EISENHOWER SACRAMENTO AV ER,38.5815719,-121.4943996
W EISENHOWER SACRAMENTO AV XR,38.5815719,-121.4943996
W ELLEN ST,41.9055313,-87.673342
W ELMDALE AVE,41.9908559,-87.6652711
W ENGLEWOOD AVE,40.8992863,-74.0013395
W ERIE ST,41.8935004,-87.6579588
W ESTES AVE,42.0111179,-87.6860386
W EUGENIE ST,41.9128337,-87.6384806
W EVELYN LN,41.9768476,-87.8438835
W EVERELL AVE,41.9925287,-87.8130808
W EVERGREEN AVE,41.9060225,-87.6759169
W EXCHANGE AVE,32.7889123,-97.3510034
W FAIRHOPE AVE,30.5236531,-87.8776377
W FAIR PL,39.6031273,-105.1021874
W FARGO AVE,42.0164897,-87.684284
W FARRAGUT AVE,41.9768649,-87.6843131
W FARWELL AVE,42.0064141,-87.6815113
W FERDINAND ST,41.8896329,-87.7408541
W FILLMORE ST,33.4536474,-112.3929474
W FITCH AVE,42.0112155,-87.6973465
W FLETCHER ST,39.9899718,-75.1784525
W FORD CITY DR,41.753335,-87.7265737
W FORD CITY DR ER,41.753335,-87.7265737
W FORD CITY DR XR,41.753335,-87.7265737
W FOREST PRESERVE AVE,41.9499425,-87.8153816
W FOSTER AVE,41.9753543,-87.7469744
W FOSTER DR,41.9753543,-87.7469744
W FOSTER PL,41.9749852,-87.8059082
W FRANCIS PL,41.9188866,-87.6947625
W FRANKLIN BLVD,41.8900363,-87.7088171
W FRANKLIN BLVD N,41.8900363,-87.7088171
W FRY ST,41.8969859,-87.659487
W FULLER ST,44.9043869,-93.3264602
W FULLERTON AVE,41.9244382,-87.7341226
W FULLERTON DR,41.9244382,-87.7341226
W FULLERTON PKWY,41.9255366,-87.6439358
W FULTON BLVD,41.8863671,-87.7099496
W FULTON DR,41.8864705,-87.7027604
W FULTON MARKET,41.8866911,-87.6556686
W FULTON ST,41.8864705,-87.7027604
W GALE ST,41.9703163,-87.763773
W GALEWOOD AVE,41.9149207,-87.7586674
W GARFIELD BLVD,41.7941746,-87.6548894
W GARFIELD SQUARE DR,37.7502009,-122.412236
W GEORGE ST,41.9335236,-87.7350131
W GERMANIA PL,41.9103844,-87.6322233
W GETTYSBURG ST,43.580444,-116.1897895
W GIDDINGS ST,41.9673722,-87.7230955
W GLADYS AVE,41.8762153,-87.7084169
W GLENLAKE AVE,41.9921678,-87.7012744
W GOETHE ST,41.9057209,-87.6345374
W GOLE DR,25.8836554,-80.2410504
W GOODMAN ST,41.97171,-87.7686033
W GORDON TER,41.9578338,-87.6498064
W GRACE ST,41.9498572,-87.7405144
W GRAND AVE,41.9235942,-87.795918
W GRANT PL,41.9228541,-87.641391
W GRANVILLE AVE,41.9940141,-87.6958664
W GREENLEAF AVE,42.0100405,-87.6822724
W GREGORY ST,30.4138991,-87.2293003
W GRENSHAW ST,41.8674732,-87.6903387
W GROVER ST,43.5997124,-116.2349028
W GUNNISON ST,41.9686201,-87.7738692
W HADDON AVE,41.9018439,-87.7087694
W HAINES ST,40.0360149,-75.1796074
W HANSON AVE,41.9155617,-87.7595329
W HARRINGTON LN,41.9895928,-87.7354174
W HARRISON ST,41.873796,-87.6960906
W HASTINGS ST,49.2869796,-123.1165615
W HAWTHORNE PL,41.9444126,-87.6436728
W HAYES AVE,43.0011037,-87.9894675
W HAYFORD ST,41.7557242,-87.718413
W HENDERSON ST,41.941757,-87.7312661
W HENRY CT,41.919888,-87.6965829
W HIGGINS AVE,41.97726,-87.7908634
W HIGGINS RD,41.9901187,-87.85799
W HIGH BRIDGE LN,39.8223695,-75.18715
W HIGHLAND AVE,43.0444007,-87.9308155
W HILL ST,41.9020792,-87.6365148
W HIRSCH ST,41.9062537,-87.7288507
W HOBART AVE,41.9835668,-87.7975912
W HOBBIE ST,41.9014577,-87.6431332
W HOLBROOK ST,41.9912343,-87.7850411
W HOLLYWOOD AVE,41.9849474,-87.6967831
W HOMER ST,41.9155265,-87.7535905
W HOOD AVE,46.2160286,-119.1941427
W HOPKINS PL,41.7313635,-87.6744023
W HORTENSE AVE,41.9960096,-87.8166869
W HOWARD ST,42.019006,-87.7428637
W HOWLAND AVE,41.7333737,-87.6750819
W HUBBARD ST,41.8899918,-87.6584588
W HUNT AVE,41.7328009,-87.6743261
W HUNTINGTON ST,39.9913416,-75.1470577
W HURLBUT ST,45.3140126,-85.264848
W HURON ST,41.8937365,-87.704029
W HUTCHINSON ST,41.9587004,-87.6794855
W HYACINTH ST,41.9919651,-87.7857621
W I55 KEDZIE AV ER,45.0166421,-88.6230717
W I55 KEDZIE AV XR,45.0166421,-88.6230717
W I55 PULASKI RD ER,44.6137261,-88.4061569
W I55 PULASKI RD XR,44.6137261,-88.4061569
W I57 BISHOP FORD EXPY XR,41.7202357,-87.6246732
W I57 EXPY IB,39.271965,-88.4686351
W I57 EXPY OB,39.271965,-88.4686351
W I57 HALSTED ST ER,39.271965,-88.4686351
W I57 HALSTED ST XR,39.271965,-88.4686351
W IB NORTHWEST TOLL,39.9808025,-105.0411754
W IBSEN ST,42.0061079,-87.8130027
W ILLINOIS ST,41.8908041,-87.6334722
W IMLAY ST,41.9987399,-87.7976742
W INSTITUTE PL,41.8973836,-87.6362682
W IOWA ST,41.8972099,-87.7236954
W IRVING PARK DR,41.9608482,-87.9376191
W IRVING PARK RD,41.9608482,-87.9376191
W ISHAM AVE,41.9979376,-87.8150108
W JACKSON BLVD,41.8773684,-87.7010973
W JAMES ST,47.3867332,-122.2478928
W JARLATH ST,42.0127837,-87.7086586
W JARVIS AVE,42.015586,-87.6861705
W JEROME ST,42.0183891,-87.7008372
W JONQUIL TER,42.0211508,-87.670691
W JOYCE LN,39.0259761,-76.5197788
W JULIAN ST,37.3361063,-121.9025482
W JUNEWAY TER,42.0225174,-87.6718473
W JUNIOR TER,41.9609382,-87.6498825
W KAMERLING AVE,41.9050744,-87.7460811
W KEMPER PL,41.9245944,-87.6451386
W KENNEDY AUGUSTA BL XR,33.4734978,-82.0105148
W KENNEDY EXPY IB,41.9594766,-87.7413739
W KENNEDY EXPY OB,41.9594766,-87.7413739
W KENNEDY HIGGINS RD XR,40.3941157,-74.2844649
W KENNEDY NAGLE AV ER,40.8613366,-73.9255976
W KENNEDY NAGLE AV XR,40.8613366,-73.9255976
W KENNEDY OHIO FEEDER XR IB,40.4172871,-82.907123
W KENNEDY ONTARIO ST SB ER,51.253775,-85.3232139
W KENNEDY SAYRE AV XR,40.5191439,-74.2853321
W KINZIE ST,41.8887431,-87.6744146
W LAKESIDE PL,41.96822,-87.6517054
W LAKE ST,41.8841388,-87.7012881
W LARCHMONT AVE,41.953266,-87.6763107
W LA SALLE DR,41.9126802,-87.6292726
W LAWRENCE AVE,41.9680101,-87.7494432
W LAWRENCE DR,41.9680101,-87.7494432
W LEE PL,41.8951794,-87.6790403
W LELAND AVE,41.9665586,-87.7163688
W LE MOYNE DR,41.908041,-87.7394615
W LE MOYNE ST,41.9082322,-87.6780961
W LEVEE ST,25.9146992,-97.5139766
W LEXINGTON ST,39.2908512,-76.6387275
W LIBERTY ST,42.275736,-83.7691371
W LILL AVE,41.9280434,-87.6572826
W LITHUANIAN PLAZA CT,41.7682592,-87.6882254
W LITTLE CALUMET RIVER,41.60432337,-87.48475451
W LOCUST ST,40.0589817,-82.4159996
W LOGAN BLVD,41.9287286,-87.6963134
W LOGAN BLVD N,41.9287286,-87.6963134
W LOGAN BLVD S,41.9287286,-87.6963134
W LOYOLA AVE,42.0013722,-87.6656274
W LUIS MUNOZ MARIN DR N,41.9035585,-87.7016705
W LUIS MUNOZ MARIN DR S,41.9035585,-87.7016705
W LUNT AVE,42.008946,-87.682138
W LUTHER ST,41.8471511,-87.6903661
W LYNDALE ST,41.9223777,-87.7022307
W MADISON ST,41.8810168,-87.7012048
W MAPLE ST,40.8761702,-81.4119025
W MARBLE PL,41.8800545,-87.6307981
W MARGATE TER,41.9724466,-87.6521631
W MARQUETTE RD,41.7719709,-87.6835069
W MATSON AVE,43.0130939,-76.1472814
W MAXWELL ST,41.8647646,-87.6479244
W MAYPOLE AVE,41.8835598,-87.7110796
W MCLEAN AVE,41.9182476,-87.7118892
W MEDILL AVE,41.9210862,-87.8818465
W MELROSE ST,41.9401397,-87.7162123
W MEMORY LN,33.773117,-117.881924
W MENOMONEE ST,41.9147032,-87.6387209
W MERCHANDISE MART PLZ,41.8880774,-87.635251
W MIAMI AVE,41.9915538,-87.7784631
W MIDWAY PARK,41.8890345,-87.7713383
W MOFFAT ST,41.9148108,-87.6922011
W MONROE PKWY,45.4331466,-122.7052887
W MONROE ST,41.8801563,-87.6962583
W MONTANA ST,41.9260556,-87.6680831
W MONTEREY AVE,41.6906313,-87.6663715
W MONTGOMERY AVE,39.9806475,-75.1608013
W MONTICELLO AVE,39.5704601,-105.1009227
W MONTROSE AVE,41.9608272,-87.7388669
W MONTROSE DR,41.9608272,-87.7388669
W MONTROSE HARBOR DR,41.9608174,-87.6364021
W MONTVALE AVE,42.4801435,-71.1256746
W MORSE AVE,42.0073132,-87.681885
W MYRTLE AVE,33.5421355,-112.1645931
W N BRANCH CHICAGO RIVER,41.88777628,-87.62295413
W NELSON ST,41.9368592,-87.675835
W NEWPORT AVE,41.9443309,-87.6639318
W NORMAL PKWY N,41.772067,-87.6345229
W NORMAL PKWY S,41.772067,-87.6345229
W NORTH AVE,39.3098955,-76.6463567
W NORTH BLVD,28.8206268,-81.8818832
W NORTH SHORE AVE,42.0036427,-87.7074463
W NORWOOD ST,41.9917081,-87.6701709
W OAKDALE AVE,41.9352243,-87.6612139
W OAK ST,38.2364113,-85.7758749
W OB NORTHWEST TOLL,39.9808025,-105.0411754
W OGDEN AVE,41.8531113,-87.7194454
W OGDEN AVE N,41.8531113,-87.7194454
W OGDEN AVE S,41.8531113,-87.7194454
W OHARE AIRPORT,41.98028,-87.9089979
W OHARE ST,-37.9691382,144.1396036
W OHIO FEEDER XR,41.891931,-87.7019827
W OHIO FEEDER XR IB,41.891931,-87.7019827
W OHIO ST,41.891931,-87.7019827
W OLD HIGGINS RD,40.3941157,-74.2844649
W OLD TOWN CT,41.9042245,-87.6378898
W OLIVE AVE,33.5655005,-112.323837
W ONTARIO FEEDER EXPRESS LANES ER,41.8930917,-87.6411587
W ONTARIO ST,41.8930917,-87.6411587
W PALATINE AVE,41.9953936,-87.8062144
W PALMER BLVD,41.920693,-87.7039806
W PALMER ST,41.920509,-87.7517372
W PARKER AVE,41.9306177,-87.7392071
W PATTERSON AVE,41.9480327,-87.6744852
W PEARSON ST,41.8973352,-87.6423659
W PENSACOLA AVE,41.9596499,-87.7597951
W PERSHING RD,41.8231422,-87.6701998
W PERSHING RD OP,41.8231422,-87.6701998
W PETERSON AVE,41.989865,-87.7458979
W PIERCE AVE,41.9091938,-87.7069778
W PIPPIN ST,41.7535666,-87.718362
W POLK ST,41.8710991,-87.6923749
W POSTOFFICE RD,38.216889,-75.63926
W POTOMAC AVE,41.9045532,-87.7173086
W PRATT AVE,42.0044872,-87.7311751
W PRATT BLVD,42.0051546,-87.6837194
W PRYOR AVE,36.3100824,-119.3293668
W QUINCY CT,39.2414429,-85.8647883
W QUINCY ST,41.877562,-87.7549488
W RACE AVE,41.891637,-87.6720405
W RAILROAD AVE,41.2087395,-73.9914926
W RANDOLPH ST,41.885353,-87.6652439
W RANDOLPH ST N,41.885353,-87.6652439
W RANDOLPH ST S,41.885353,-87.6652439
W RASCHER AVE,41.9805553,-87.6819887
W RAVEN ST,41.9936996,-87.7912822
W RICE ST,41.8964417,-87.7114686
W RICHLAND CT,41.6032207,-73.087749
W RIVER LOFT CT,41.9341333,-87.6878903
W RIVERVIEW PKWY,41.9406843,-87.6964379
W ROOSEVELT RD,41.8662838,-87.716058
W ROOT ST,41.8190832,-87.6354811
W ROSCOE ST,41.9426187,-87.7359019
W ROSEDALE AVE,39.9489293,-75.6026924
W ROSEHILL DR,41.9866851,-87.6730942
W ROSEMONT AVE,41.9957294,-87.7020112
W ROSLYN PL,41.9276853,-87.6405153
W RUMSEY AVE,42.7346901,-84.5273111
W RUNDELL PL,41.8811915,-87.6546851
W SANITARY SHIP CANAL,41.70086283,-87.87409459
W S BRANCH CHICAGO RIVER,41.88777628,-87.62295413
W SCHILLER ST,41.9074644,-87.6481876
W SCHOOL ST,41.9406899,-87.7434426
W SCHRAEDER DR,43.1864151,-87.9644371
W SCHREIBER AVE,41.9978935,-87.7971984
W SCHUBERT AVE,41.929862,-87.7342755
W SCOTT ST,41.9043964,-87.641761
W SEIPP ST,41.7377387,-87.6926562
W SEMINOLE ST,41.9841499,-87.8069204
W SERBIAN RD,41.9839504,-87.8261707
W SEYMOUR AVE,39.1957707,-84.4888767
W SHAKESPEARE AVE,41.9198309,-87.7339569
W SHERIDAN RD,41.9527392,-87.6496461
W SHERMAN PARK   N,43.0717719,-87.9604345
W SHERMAN PARK   S,43.0717719,-87.9604345
W SHERWIN AVE,42.0149826,-87.691867
W SOUTH WATER MARKET,41.8620809,-87.6537522
W STEUBEN ST,40.4392384,-80.0744327
W STEVENSON DAMEN AV XR,41.9505032,-87.6786568
W STEVENSON EXPY IB,41.8094342,-87.7670348
W STEVENSON EXPY OB,41.8094342,-87.7670348
W ST GEORGES CT,41.9215912,-87.6964279
W ST HELEN ST,41.9191493,-87.6952219
W ST JAMES PL,41.9282272,-87.6405922
W ST JOSEPH AVE,41.9730739,-87.8400519
W ST MARY ST,30.9354495,-91.7166079
W ST PAUL AVE,43.0348441,-87.9664313
W STRATFORD PL,41.945338,-87.6442493
W STRONG ST,41.9700762,-87.8226775
W SULLIVAN ST,36.5550831,-82.5643305
W SUMMERDALE AVE,41.9768297,-87.8237088
W SUNNYSIDE AVE,41.9628726,-87.7186976
W SUPERIOR ST,41.8952567,-87.6623933
W SURF ST,41.9342827,-87.6417733
W SWANN ST,41.8098474,-87.6323569
W TALCOTT AVE,41.9864852,-87.8083082
W TANKFARM RD,30.1246866,-93.2703446
W TAYLOR ST,41.8690287,-87.6816424
W TERRA COTTA PL,41.9271601,-87.6724214
W THOMAS ST,41.9009275,-87.7183211
W THOME AVE,41.9955713,-87.6757121
W THORNDALE AVE,41.988576,-87.6996448
W TILDEN ST,47.6531709,-122.3963705
W TOUHY AVE,42.0116941,-87.802459
W TRANSIT AVE,33.8302267,-117.9660939
W TREMONT ST,40.610486,-75.504193
W UNIVERSITY LN,41.8635584,-87.6473478
W VAN BUREN ST,41.8759664,-87.6961529
W VERMONT ST,39.7724027,-86.2100376
W VERNON PARK PL,41.8730467,-87.6517487
W VICTORIA ST,33.8642945,-118.2263833
W VILLAGE CT,41.8618698,-87.6478
W WABANSIA AVE,41.9114794,-87.744098
W WACKER DR,41.886809,-87.6324295
W WACKER RAMP,41.886809,-87.6324295
W WALLEN AVE,42.0015796,-87.7068756
W WALNUT ST,32.9164866,-96.6683832
W WALTON ST,41.8980196,-87.7019214
W WARNER AVE,33.7155813,-117.8952939
W WARREN AVE,42.3439699,-83.1780504
W WARREN BLVD,41.8820885,-87.6885003
W WARREN DR,39.675757,-105.1612652
W WARWICK AVE,41.9487341,-87.7569811
W WASECA PL,41.6890215,-87.6644881
W WASHBURNE AVE,41.8659144,-87.6710691
W WASHINGTON BLVD,41.8827793,-87.7074177
W WASHINGTON ST,39.7545438,-86.2446964
W WAVELAND AVE,41.9480301,-87.7402524
W WAYMAN ST,41.8874513,-87.6468878
W WEBSTER AVE,41.9216511,-87.6595559
W WEBSTER DR,38.6812781,-93.0954698
W WEED ST,41.9093788,-87.6510821
W WELLINGTON AVE,41.9353895,-87.7326228
W WENDELL ST,42.1008087,-76.0752918
W WEST END AVE,41.8831018,-87.7477119
W WESTGATE TER,41.8737487,-87.6581277
W WILCOX ST,41.8789293,-87.7205907
W WILLOW ST,40.5139303,-88.989682
W WILSON AVE,41.9643912,-87.7464294
W WINDSOR AVE,41.9644803,-87.6523674
W WINNECONNA PKWY,41.7523327,-87.6361028
W WINNEMAC AVE,41.9732461,-87.6793066
W WINONA ST,41.9747392,-87.6763634
W WISCONSIN ST,41.9160828,-87.6484419
W WOLFRAM ST,41.932975,-87.6843798
W WRIGHTWOOD AVE,41.9289714,-87.6561608
W ZEMKE RD,41.994886,-87.8833434
